section_count_ratio,section_count_ratio_str,max_angle,max_section,average_section,square,time,condition
0.3448275862068966,10 / 29,352.8206061481145,112.08925015361643,39.57765627984405,63.86011160442962,621.2435,0
0.13513513513513514,5 / 37,21.513361833315557,502.20712858341625,123.67018534739437,5.470390567350528,606.0797000000001,0
0.3684210526315789,7 / 19,354.28940686250036,132.01893803541975,37.62937155463675,6.3188079157120525,641.8641000000007,0
0.5,1 / 2,0.0,2.0,2.0,0.0,187.01050000000032,0
1.0,2 / 2,26.200114841347343,12.041594578792296,8.9362732368188,1.7750548363729917,450.4278000000004,0
1.0,2 / 2,14.036243467926468,4.123105625617661,2.5615528128088303,0.19611613513818404,426.0478000000003,0
0.2962962962962963,8 / 27,349.04593735660166,196.02295783912658,43.40725571693535,43.16345934494807,803.0959000000003,0
0.17777777777777778,8 / 45,28.797929850168757,279.15945264310864,73.94090697727158,43.832241715888834,1225.6725999999999,0
0.17857142857142858,10 / 56,90.0,639.1752498337213,78.75908483740102,40.97942058930033,806.1999999999989,0
0.15384615384615385,2 / 13,15.185837262201318,145.06550244630873,73.53275122315436,1.3050188586690064,364.3706000000002,0
0.2,11 / 55,276.7830488552011,209.32271735289507,71.16686744289758,52.62091648020463,1404.6955000000016,0
0.18333333333333332,11 / 60,349.2157021324374,709.1015442092903,144.33022208734315,46.02010680881115,975.3724000000002,0
0.09230769230769231,6 / 65,350.32327316993565,1140.317938120768,226.1973227344611,4.176021634048517,1141.7155000000002,0
0.2857142857142857,8 / 28,355.76360520094113,152.0,42.963025728012184,27.681168711793926,996.905999999999,0
0.2564102564102564,10 / 39,31.780915092983392,299.1738624947039,51.857565067168196,19.364802968610366,1052.3955999999998,0
0.18681318681318682,17 / 91,342.9794743884802,968.7073861595152,96.58699808394155,222.53949699240397,2393.6375000000007,0
0.11956521739130435,11 / 92,348.7348042142336,501.23248099060777,107.99760466092135,129.56428241137024,1962.9195,0
0.1631578947368421,31 / 190,345.7253139342647,532.3758071137343,88.9045641064963,182.6149861536544,2165.583300000002,0
0.42857142857142855,3 / 7,29.05460409907714,47.51841748206689,19.938015874351297,1.9810325727959779,549.5606999999945,0
1.0,2 / 2,27.349875780069876,9.055385138137417,6.330468206800703,1.212678125181665,314.3090999999986,0
0.24,12 / 50,90.0,470.45722441046644,62.5320704844684,39.168286235933046,933.7849999999962,0
0.3333333333333333,1 / 3,0.0,30.0,30.0,0.0,501.73309999999765,0
0.0851063829787234,4 / 47,123.27488798483493,788.1370439206623,204.15767827220873,11.801304506451933,1057.779300000002,0
1.0,2 / 2,18.43494882292201,2.23606797749979,1.8251407699364424,0.2773500981126146,202.50400000000081,0
0.1346153846153846,7 / 52,341.78290480217515,441.8257575108088,100.08642549145819,104.1242474367906,1178.5162999999957,0
0.058823529411764705,2 / 34,343.03243269549876,438.7710108929258,234.3019393366392,3.598670987310609,511.1224000000002,0
0.2,12 / 60,81.358559173519,350.09141663285607,75.47372944161891,54.50322559171308,1474.228599999995,0
0.35555555555555557,16 / 45,356.6335393365702,100.00499987500625,35.44640626937375,51.91154499868447,1270.3783999999941,0
0.21568627450980393,11 / 51,354.28940686250036,309.04045042680093,61.33226768859838,164.2568474866335,1402.2271000000037,0
0.20588235294117646,7 / 34,354.80557109226515,358.16895454519783,63.163937734950125,3.329451090315737,954.3859999999986,0
0.0625,1 / 16,0.0,174.73408368146153,174.73408368146153,2.3029279206543998,610.6054000000004,0
0.05714285714285714,4 / 70,35.87038988862283,564.0221626851201,216.60903577885801,29.174635979660035,656.7373000000007,0
0.12987012987012986,10 / 77,355.2363583092738,625.2175621333745,97.90393494064878,27.652296172754728,1554.1065999999992,0
0.0625,6 / 96,27.954262835274488,701.2061037954533,234.80549205779235,47.17860260251176,681.7112999999954,0
0.5,1 / 2,0.0,3.0,3.0,0.0,220.9765999999945,0
0.36363636363636365,4 / 11,333.9581834051062,97.94386147176351,33.29720547447563,3.340601766254283,1757.9645000000019,0
0.13559322033898305,8 / 59,318.81407483429035,717.7813037409096,138.8224013602922,34.77283097193495,1221.8413,0
0.08196721311475409,5 / 61,26.968535912136744,728.5005147561668,175.98049074025087,31.213916718136073,1022.0213000000076,0
0.10714285714285714,6 / 56,30.15454791791616,743.2926745232998,142.01027960731838,11.213442309435996,557.1442999999999,0
0.5,5 / 10,19.075098492445562,41.7612260356422,19.972387279188492,6.018542848355916,674.2073999999993,0
0.3333333333333333,4 / 12,19.282747083870497,104.546640309481,35.249099549649024,2.363105156525723,682.7590999999957,0
0.2857142857142857,6 / 21,148.29519144393143,106.7941945987702,39.33325770339548,6.151260304017951,1061.7286999999924,0
0.18181818181818182,10 / 55,115.99129287936148,377.3274440058661,84.43296102302853,27.311883070972346,994.5829000000085,0
0.5,1 / 2,0.0,24.0,24.0,0.0,420.08520000000135,0
0.3333333333333333,1 / 3,0.0,32.0,32.0,0.0,566.568499999994,0
0.08333333333333333,1 / 12,0.0,144.05554484295286,144.05554484295286,0.3937874990450103,306.14319999999134,0
1.0,2 / 2,15.945395900922847,14.0,10.640054944640259,1.327327296791936,318.4481999999989,0
1.0,2 / 2,90.0,1.0,0.5,0.0,227.06549999999697,0
0.25,13 / 52,346.60750224624894,412.9527818044092,49.8794285053348,47.330896882449196,1200.9202000000078,0
0.11764705882352941,2 / 17,18.73492398522592,224.32119828495925,114.85318154604688,0.9779775859081179,366.2361000000092,0
0.21875,14 / 64,78.5819963944515,375.6660751252367,60.741185825206685,88.96296957131877,1327.3150000000023,0
0.4,6 / 15,354.28940686250036,106.01886624558857,26.583272808949275,2.4208865324095687,657.7940999999992,0
0.5,1 / 2,0.0,19.0,19.0,0.0,413.9536999999982,0
0.18518518518518517,10 / 54,333.434948822922,524.4616287203479,71.00883011340757,32.15647495806712,938.2023000000045,0
0.1896551724137931,11 / 58,32.912449162287814,256.03515383634334,68.48103189571974,87.57974751805953,923.4270000000106,0
0.0851063829787234,4 / 47,13.401897866972583,481.27435003332556,162.99781194329648,20.131372164766077,509.2691999999952,0
0.6666666666666666,2 / 3,13.671307132195821,17.029386365926403,9.632727171713096,0.2342606428329091,1018.1938999999984,0
0.109375,7 / 64,90.0,385.5191305240247,112.26647381977558,193.35692241737476,958.4466000000102,0
0.2857142857142857,16 / 56,48.81407483429035,258.9246994784391,46.67250818719467,47.994987372729014,1044.1179999999877,0
0.5,3 / 6,15.255118703057777,36.0,16.14470233489512,1.1103334935622133,506.3109000000113,0
0.18,9 / 50,253.30075576600638,718.3675939238907,96.44089573265407,23.600953739219932,670.5415999999968,0
0.2903225806451613,9 / 31,354.28940686250036,179.0,43.28892624574756,16.88670651086549,754.428899999999,0
0.3076923076923077,12 / 39,73.00917670801385,264.82069405543064,42.910377694180745,27.81401740374844,800.7509000000136,0
0.25,2 / 8,12.075288583193547,79.05694150420949,46.028470752104745,1.0580905746862284,349.36979999998584,0
0.12195121951219512,5 / 41,16.69924423399362,225.16216378423795,102.5106312994333,23.449577060231455,557.6498000000138,0
0.17391304347826086,12 / 69,354.28940686250036,833.6570038091205,124.20439400747999,40.09479051290976,1350.6201,0
1.0,6 / 6,292.3801350519596,10.816653826391969,8.084620194396642,4.4864706116663715,625.6967000000004,0
0.2,1 / 5,0.0,58.0,58.0,0.0,581.3702000000048,0
0.2,1 / 5,0.0,44.0,44.0,0.0,390.03940000000875,0
0.0784313725490196,4 / 51,28.495638618244982,505.03267221042245,187.21049275751682,21.780056397498438,510.39809999999125,0
0.375,3 / 8,68.19859051364818,69.6419413859206,27.804090333396534,0.9112390309229127,374.3196000000171,0
0.08333333333333333,1 / 12,0.0,125.4830665866913,125.4830665866913,1.6728081056584079,489.3325000000186,0
0.23684210526315788,9 / 38,174.55966796899452,90.97252332435328,52.0332566377246,64.19817075298873,729.4992999999959,0
0.3333333333333333,2 / 6,12.094757077012105,54.3323108288245,30.328433074580627,0.911929668628024,285.3225000000093,0
0.1774193548387097,11 / 62,33.690067525979785,689.0,86.17622073522135,36.66067884997787,1400.938300000009,0
1.0,2 / 2,180.0,2.0,1.0,0.0,174.91049999999814,0
0.06976744186046512,3 / 43,151.9542255864988,726.3091628225545,252.5325923218356,18.99525026805058,573.4976000000024,0
1.0,3 / 3,45.0,11.313708498984761,5.30641992481625,0.7071067811865476,223.96650000000955,0
0.18867924528301888,10 / 53,153.43494882292202,186.94651641579205,68.72627003695621,41.63293499679655,919.2374999999884,0
1.0,2 / 2,17.612577842923827,16.0312195418814,10.07716258374953,1.0,474.2358999999997,0
0.8571428571428571,6 / 7,309.28940686250036,15.652475842498529,11.867603443262574,10.514614210933567,696.624599999981,0
0.175,7 / 40,322.1250163489018,451.558412611259,83.81811604193942,12.416757630516269,851.6224999999977,0
0.05970149253731343,4 / 67,22.21759426951831,859.1682023911267,275.19596563657666,27.205477121283135,730.2226000000082,0
0.10309278350515463,10 / 97,29.889700284188805,532.4556319544381,139.24829238322087,147.56227930218313,906.4290999999794,0
0.25,1 / 4,0.0,30.0,30.0,0.0,331.09460000001127,0
0.175,14 / 80,98.13010235415598,388.3207437158103,80.60465221527046,21.117273007191592,1173.2168999999994,0
0.16666666666666666,2 / 12,9.864703339649921,84.72307831990054,68.61034865676365,4.353298105809949,445.7913000000117,0
0.1111111111111111,5 / 45,23.198590513648185,288.46663585239804,124.32002051379197,72.21804650713014,571.0694999999832,0
0.25,4 / 16,35.61085243866874,122.11879462228572,49.247555420275674,1.4159735384493426,394.79349999999977,0
0.08695652173913043,4 / 46,106.69924423399362,1069.6508776231617,279.28171324492257,16.688752855043,578.9419000000053,0
0.1111111111111111,6 / 54,29.511498557090306,992.4404264236721,193.5645259665321,12.856797626597016,905.3604999999807,0
0.13333333333333333,6 / 45,205.01689347810003,369.23298877538014,113.94796704899234,12.333068322590812,675.0271000000066,0
0.5,2 / 4,15.80251395393553,25.80697580112788,19.306612137996787,1.5235257848287465,411.10739999997895,0
1.0,2 / 2,23.96248897457818,9.848857801796104,7.424428900898052,1.3736056394868903,629.950600000011,0
0.25,2 / 8,9.699751560139767,57.982756057296896,35.49137802864845,1.0427266000308426,673.7116999999853,0
0.13043478260869565,3 / 23,13.327402319339456,189.16923639957952,93.75259859139533,6.731332676492195,573.372000000003,0
0.5,3 / 6,348.69006752597977,30.59411708155671,17.6045538462832,3.9135880220362593,402.9503000000259,0
0.4,4 / 10,173.06986650333678,66.03029607687671,24.919872689213538,2.076317802944123,853.9241999999795,0
0.6666666666666666,2 / 3,260.5376777919744,18.24828759089466,9.12414379544733,0.3287979746107146,350.55300000001444,0
0.03508771929824561,2 / 57,2.926602605289177,524.0038167799926,336.0846324219864,4.547493173190457,1269.7209000000148,0
0.75,9 / 12,107.85031830221683,23.53720459187964,13.777887510249213,5.364380065937765,933.567699999985,0
0.02702702702702703,1 / 37,0.0,506.9921103922624,506.9921103922624,3.8444604386507595,494.3127000000095,0
0.08571428571428572,3 / 35,10.304846468766044,432.1400236034612,150.4401211636534,1.368089649414264,638.4825999999885,0
0.0625,2 / 32,2.609767432772642,377.7009398982216,221.3543158754008,1.9888961950664719,368.5316000000166,0
0.25,22 / 88,350.5376777919744,361.7070637961056,51.56609666935662,163.63845110812147,1589.5619000000006,0
0.23684210526315788,18 / 76,274.18491612511843,645.424666401897,67.32327491855868,68.72341885622873,1517.7834999999905,0
0.2222222222222222,16 / 72,84.28940686250037,252.9584946191766,58.8563265052803,33.33121584195499,1705.9121999999916,0
0.125,8 / 64,355.76360520094113,479.5883651632929,103.43418356249609,22.647739918242127,626.3740999999864,0
0.8,4 / 5,33.690067525979785,21.633307652783937,10.880473721070114,3.4631273446365554,478.2330999999831,0
0.36363636363636365,4 / 11,23.19859051364819,89.62700485902673,27.688954986416995,0.5852207969701704,454.77309999999125,0
0.2,10 / 50,37.18470645323313,232.14219780126146,65.75084722172943,27.33334677528222,818.3965000000026,0
0.3333333333333333,1 / 3,0.0,22.0,22.0,0.0,472.31789999999455,0
1.0,2 / 2,18.43494882292201,13.0,11.243416490252569,1.7564716615330753,406.9122999999963,0
0.3333333333333333,1 / 3,0.0,38.118237105091836,38.118237105091836,0.6033857215534151,387.16680000000633,0
0.3333333333333333,1 / 3,0.0,36.0,36.0,0.0,784.4809999999998,0
0.5,1 / 2,0.0,20.0,20.0,0.0,457.2390000000014,0
0.1079136690647482,15 / 139,348.69006752597977,876.6413177577247,141.96240641479335,426.04184144200025,1531.6179999999877,0
0.17692307692307693,23 / 130,354.28940686250036,996.4281208396319,97.33541462580324,365.8837623973525,2432.6895000000077,0
0.22340425531914893,21 / 94,344.9940725569033,527.5386241783629,72.65304950798777,217.10418480313425,1464.6538,0
0.1782178217821782,18 / 101,195.82830659625242,379.63798545456433,65.50561109637442,77.23328675280065,3320.3299000000115,0
0.30434782608695654,7 / 23,209.98163936884936,142.23923509355637,42.88707843133779,21.453943694992187,925.2828999999911,0
0.08823529411764706,3 / 34,24.801785635666228,318.5922158496657,146.50458378781912,2.242597954006682,538.3987999999954,0
0.125,3 / 24,60.94539590092285,252.6697449240807,87.65512502168923,1.7357236321540594,834.031799999997,0
0.1111111111111111,3 / 27,35.539675483111,426.8875730212816,148.91313909199351,1.6188652832789108,330.65380000000005,0
1.0,2 / 2,90.0,2.0,1.0,0.0,301.3962000000174,0
0.25,9 / 36,25.273455347006106,337.2847461715398,69.27139419835643,17.675836142023268,534.4715999999898,0
0.17857142857142858,5 / 28,342.1154104338028,193.13207915827965,90.14740916007322,30.685146546689666,342.26269999999204,0
0.2702702702702703,10 / 37,271.41442321140215,335.3699449861302,55.86816440685228,57.202312328761096,1046.9997999999905,0
0.1891891891891892,7 / 37,183.1221304621157,1136.3208173750932,178.19122470667617,24.082776205299293,910.3309000000008,0
0.16666666666666666,1 / 6,0.0,56.0,56.0,0.0,584.2805999999982,0
0.15053763440860216,14 / 93,320.4260633774559,367.6792080061096,94.07340298527063,246.70907545489104,1426.397399999987,0
0.5,1 / 2,0.0,10.63014581273465,10.63014581273465,0.2822162605150792,337.15280000001076,0
0.16666666666666666,7 / 42,30.033280435995138,370.1580743412198,75.43193629027903,19.755440031384456,794.682300000015,0
0.2,3 / 15,9.031883725677396,116.81181447096864,57.45249602292156,2.6698684088061433,506.9442000000272,0
0.18,9 / 50,25.69422238977536,229.0087334579186,77.09664355573507,20.252047144044468,962.9094000000041,0
0.14,7 / 50,345.50410814461577,556.5294241996554,98.66120330742174,23.29696361058225,642.8812000000034,0
0.0625,1 / 16,0.0,184.32851108821987,184.32851108821987,1.110336461019386,477.347299999994,0
0.3076923076923077,16 / 52,354.80557109226515,312.33955881380126,45.97399443117494,28.627684626374855,1070.7217999999993,0
0.23076923076923078,6 / 26,351.46923439005184,170.00294115102832,52.6740925108164,4.108714342263998,1105.8108000000066,0
0.5,1 / 2,0.0,14.035668847618199,14.035668847618199,0.07124704998790965,538.1187000000209,0
0.1956521739130435,9 / 46,319.6354634269027,305.3145918556792,81.15653332188565,23.07131649028337,715.3748999999953,0
0.3023255813953488,13 / 43,354.28940686250036,136.85028315644803,44.259996458248416,75.27423994479608,693.8753999999899,0
0.18181818181818182,2 / 11,24.001280965612985,117.64352935882194,61.37127443620736,2.097789111229524,329.45230000000447,0
0.09090909090909091,1 / 11,0.0,119.82069938036582,119.82069938036582,1.3203060975115883,333.5260000000126,0
0.16666666666666666,12 / 72,43.103481696790716,521.5668701135071,81.72499705848696,69.65360386060368,1073.6410999999498,0
0.25,3 / 12,75.15454791791616,90.0499861188218,39.06262307685925,10.276557874210043,772.9970999999787,0
0.3333333333333333,1 / 3,0.0,31.016124838541646,31.016124838541646,0.33853358711505954,550.3740000000107,0
0.1595744680851064,15 / 94,341.96571443287013,510.13037549238334,95.46004044830897,195.54336807270323,1455.499599999981,0
0.21621621621621623,8 / 37,117.29290758655037,174.25555945220228,54.467396296387584,12.767703337157787,988.8646000000299,0
0.19117647058823528,13 / 68,34.84997174353451,430.57287420365907,65.79082529381607,34.24238291284156,1434.038600000029,0
0.1044776119402985,7 / 67,346.79258819428765,717.6071348586216,135.10931107911927,25.03814961350395,884.8976999999722,0
0.2978723404255319,14 / 47,115.9533757023642,468.6800614491724,59.168925767942206,64.7338064209276,853.3675999999978,0
0.2,1 / 5,0.0,46.0,46.0,0.0,889.880999999994,0
0.0847457627118644,5 / 59,15.255118703057775,674.9170319380005,160.7011911063932,11.948400176503037,794.649700000009,0
0.30434782608695654,7 / 23,76.30643055335148,202.76340892774513,40.0522790155272,19.84931294642452,657.6322999999975,0
0.2564102564102564,10 / 39,19.075098492445562,224.54398232862977,48.1264372685424,11.945498918182686,868.4958000000333,0
0.24193548387096775,15 / 62,27.570137182332164,374.0120318920235,55.92931069080164,63.20855750170773,1307.282899999991,0
0.08064516129032258,5 / 62,86.18592516570965,394.50728763864424,158.93899290521836,22.655578108810047,853.9564000000246,0
0.18421052631578946,7 / 38,168.6900675259798,386.62643468857635,86.88130257917403,28.958420521195986,974.1660000000265,0
0.20833333333333334,10 / 48,185.71059313749964,465.43098306838147,73.32656476638014,75.79117011354951,757.053899999999,0
0.11428571428571428,8 / 70,46.69918509134497,447.0447404902556,110.33015782507832,100.91940144639288,1554.4968999999692,0
0.3333333333333333,1 / 3,0.0,20.0,20.0,0.0,439.0131999999867,0
0.09433962264150944,5 / 53,333.73336164291686,616.1168720299745,160.3155482852581,22.583611841487496,724.8731999999727,0
0.17525773195876287,17 / 97,334.6538240580533,268.6131046691505,77.74596407891644,179.04509986345226,1857.96179999999,0
0.18181818181818182,14 / 77,352.31601817026603,558.6143571373725,67.45387289817576,7.400778887765802,1139.1232999999775,0
0.15384615384615385,2 / 13,101.0035408517495,146.696966567138,73.348483283569,1.1588515016920753,309.6459999999497,0
0.6666666666666666,2 / 3,50.90614111377051,20.615528128088304,10.807764064044152,0.7525766947068778,259.00479999999516,0
0.4,10 / 25,79.5085229876684,190.0,29.133880047595234,22.698597748955724,676.4952000000048,0
0.5,14 / 28,322.3219082869737,87.32124598286491,20.98450388005436,8.82917634898373,2262.449100000027,0
0.5,1 / 2,0.0,15.132745950421556,15.132745950421556,0.46257302031856284,281.14260000002105,0
0.3076923076923077,4 / 13,97.76516601842535,117.64352935882194,35.98467971242499,5.543918297516182,670.4253000000026,0
0.75,3 / 4,245.85445803957833,22.47220505424423,11.403940611344943,3.848140084197695,694.1231999999727,0
0.4166666666666667,5 / 12,90.79572355273928,73.7563556583431,27.496455734846897,8.910804031096761,476.3178000000189,0
0.15121951219512195,31 / 205,358.1523897340054,832.7460597324973,99.57800424574694,518.4252448448433,2493.5930999999982,0
0.05555555555555555,2 / 36,45.69217233825778,515.0941661482879,260.0470830741439,6.201101916385536,713.9032000000007,0
0.5,3 / 6,279.9262455066517,40.607881008493905,13.869293669497969,0.3922322702763681,537.9679999999935,0
0.5454545454545454,6 / 11,345.9637565320735,41.7612260356422,18.18439423946235,10.1000156682539,1009.4805000000051,0
0.15384615384615385,8 / 52,23.860175191342336,352.38898961233167,76.78249593147248,60.06075705164336,853.0566000000108,0
0.15384615384615385,6 / 39,29.14807184571304,192.16919628285902,83.72575874694128,35.40881916674239,578.8175000000047,0
0.23809523809523808,10 / 42,52.125016348901795,246.78938388836744,52.02890563922317,96.57097734195933,1198.398199999996,0
0.37037037037037035,10 / 27,355.2363583092738,83.05419917138447,29.137363811709395,6.9327001181909385,1546.075300000026,0
1.0,2 / 2,45.0,1.4142135623730951,1.2071067811865475,0.4472135954999579,282.6596000000136,0
0.041666666666666664,1 / 24,0.0,271.02951868754076,271.02951868754076,1.2839929823333949,899.3962000000174,0
0.36,9 / 25,68.19859051364818,185.55861607589122,33.44864777988443,22.342150395815565,1057.8256999999867,0
0.34782608695652173,8 / 23,350.5376777919744,92.43916918709297,33.58054358537098,32.27658784209629,543.9685999999638,0
0.38461538461538464,5 / 13,27.027965363952504,57.697486947006624,29.085837850104078,12.167935731473392,388.48279999999795,0
0.2222222222222222,2 / 9,12.094757077012103,85.90692637965812,47.45346318982906,0.7165409393421005,478.5189000000246,0
0.17777777777777778,8 / 45,354.5596679689945,180.02499826412998,69.17236226259067,33.7275233704994,594.0658999999869,0
0.25333333333333335,19 / 75,354.5596679689945,179.00279327429502,49.227969191815696,104.85952201993086,1902.9760000000242,0
0.13043478260869565,3 / 23,352.1998121158183,204.0392119177096,92.90698666562139,4.260616681936522,1152.9678999999887,0
0.4,4 / 10,24.567171320601318,58.52349955359813,28.15320340971246,5.243963081542684,337.95590000000084,0
0.8888888888888888,8 / 9,315.0,22.847319317591726,11.444262448104817,16.05166754591122,809.4075999999768,0
0.13043478260869565,6 / 46,296.565051177078,518.5103663380319,104.2404233139204,7.314229896909907,809.7877000000444,0
0.4,2 / 5,19.84937203432417,25.495097567963924,22.797424405102852,2.376333020095966,638.744000000006,0
0.25,3 / 12,15.255118703057775,66.48308055437865,44.89611443578426,4.872688443873423,383.47529999999097,0
0.15217391304347827,7 / 46,340.43099961092315,705.2857576897467,116.3343925318389,12.420246908683207,645.9358999999822,0
0.14285714285714285,8 / 56,62.98733465206146,987.122079582865,152.8733795852799,52.8815720437999,1114.6231000000262,0
0.18032786885245902,11 / 61,355.0302592718897,1142.3913515078798,126.985952092903,7.795943165505529,756.821100000001,0
0.5,3 / 6,21.571307191254597,32.69556544854363,15.855195717360706,2.0675455316745612,657.9475999999559,0
0.25,1 / 4,0.0,41.012193308819754,41.012193308819754,0.5120428415488792,841.6975000000093,0
0.10606060606060606,7 / 66,18.77803322244554,687.8909797344344,132.10865077933013,27.137813501149775,838.9465999999666,0
0.1,2 / 20,25.44174846300257,241.96074061715052,124.515904214508,6.133807870191796,498.453600000008,0
0.17142857142857143,6 / 35,32.079387733607085,295.10845463998487,72.34468048649305,6.345397598350558,822.0911000000197,0
0.16666666666666666,5 / 30,248.19859051364818,341.2638275586793,78.6474425211985,6.4747349715911025,726.9260999999824,0
0.20987654320987653,17 / 81,348.97222870142434,575.6048992147305,77.49081336659879,67.23112695520362,1333.890699999989,0
0.13636363636363635,6 / 44,15.503472404536389,246.03251817595168,99.4039824047914,43.9889782720051,458.78839999996126,0
0.24615384615384617,16 / 65,180.0,274.2735860413831,52.52048180283142,104.61834649103774,1487.0627000000095,0
0.13043478260869565,6 / 46,23.049522842101986,253.899586451022,103.57841545260818,15.09271683642827,932.819199999969,0
0.2653061224489796,13 / 49,355.6012946450045,171.73234989366446,46.21155542707187,12.811515995590716,2136.5837000000174,0
0.7777777777777778,7 / 9,48.81407483429035,22.67156809750927,12.567210433678829,4.8086231605501215,570.1419999999925,0
0.10526315789473684,4 / 38,18.970407808486556,264.372842780797,136.04263242771106,9.893318484841556,447.29999999998836,0
0.26582278481012656,21 / 79,339.44395478041656,301.34697609234445,50.94330540932896,176.35818923356754,1841.0089000000153,0
0.6666666666666666,2 / 3,8.325650330426834,16.492422502470642,13.271149061795766,0.5287727022203486,778.7433999999776,0
0.14545454545454545,8 / 55,18.99902406736436,326.15333817086713,97.28237551522177,31.099922540240204,590.553899999999,0
1.0,2 / 2,165.06858282186246,15.524174696260024,7.762087348130012,0.0,282.0260000000126,0
0.19607843137254902,10 / 51,36.86989764584402,424.5903908474614,81.98971225170769,91.27050219242581,1158.4375,0
0.1724137931034483,5 / 29,239.03624346792648,290.766229125736,68.89882667501783,22.957804241231084,866.836500000034,0
0.5,1 / 2,0.0,1.0,1.0,0.0,188.03800000000047,0
0.12121212121212122,8 / 66,77.64464013491647,655.1518907856406,147.67849969109383,68.0385140206306,1018.7152999999817,0
0.10204081632653061,15 / 147,346.1452631461667,852.4605562722536,207.85337338638948,62.975147411776334,2266.092500000028,0
0.109375,7 / 64,232.25319461272534,493.76310109201154,162.29902500581417,262.32851643858476,539.1138000000501,0
0.6666666666666666,2 / 3,13.438188158350657,28.178005607210743,16.150555616414202,0.5434363322889698,578.6689999999944,0
0.05263157894736842,2 / 38,16.25705347195428,395.58816969166304,252.94841377838222,15.81537783712368,393.90710000001127,0
1.0,4 / 4,34.5085229876684,10.770329614269007,7.852287734975123,1.5027544968850428,373.7985000000335,0
0.5714285714285714,4 / 7,163.30075576600638,26.1725046566048,16.617401378343377,7.904477796209516,837.9789000000455,0
0.27450980392156865,14 / 51,335.55604521958344,264.9150807334305,47.98510744792534,26.980001572979415,953.4420999999857,0
0.36363636363636365,4 / 11,30.955968605043445,92.76313923105448,29.20122906217512,6.922795275528999,586.3289000000223,0
0.29411764705882354,10 / 34,29.827084654474746,125.60254774486066,42.03159950753013,5.100202015982066,714.6296999999904,0
0.48,12 / 25,81.15818543980832,61.84658438426491,21.166276883838833,19.321072351224203,1173.7514999999548,0
0.25396825396825395,16 / 63,250.6881434356473,347.0705980056507,48.23927307557414,59.08852009019753,2069.7599000000046,0
0.19148936170212766,9 / 47,33.05857648961724,500.2649298121946,87.39990826112566,80.60743816863332,665.4266000000061,0
0.23809523809523808,5 / 21,36.893336294368055,131.5750736271882,49.44832709019892,5.9261897463482125,499.29979999997886,0
1.0,2 / 2,68.19859051364818,7.0,6.192582403567252,3.3995005182504245,302.3454999999958,0
0.75,3 / 4,56.504815326258814,18.35755975068582,12.202705311834341,4.650451124480122,1166.5373000000254,0
0.15217391304347827,7 / 46,176.13701712849496,467.4237905798121,83.75948593974998,10.291580424661836,1358.4021000000066,0
0.45454545454545453,10 / 22,351.1193408494797,108.46197490364999,24.550243992940626,35.548196972029096,1058.6128000000026,0
0.75,3 / 4,354.28940686250036,13.0,10.683291873706963,1.7702701705510553,514.2139999999781,0
0.3333333333333333,1 / 3,0.0,22.0,22.0,0.0,357.60209999996005,0
0.21212121212121213,7 / 33,18.43494882292201,151.18200951171406,60.133640442638935,20.956293722260753,634.0152000000235,0
0.125,4 / 32,180.56141566295824,360.0805465447974,110.00878246074308,20.32976975905383,637.0119999999879,0
0.07865168539325842,7 / 89,75.69972255081441,1011.2492274409905,235.84244172769337,158.6525435963767,745.1272999999928,0
0.11538461538461539,3 / 26,11.142889858339316,134.5362404707371,98.84541349024569,4.188008814999307,574.7243000000017,0
0.078125,5 / 64,355.2363583092738,978.1881209665142,232.65426202481981,11.301074317733315,541.827500000014,0
0.4444444444444444,4 / 9,39.39072555355419,71.17583859709698,23.57953738357043,4.797938518876161,548.6057000000146,0
0.1568627450980392,8 / 51,43.34742614736497,401.2243761288688,87.82138415849289,25.234400010658824,1181.7037000000128,0
0.2222222222222222,2 / 9,180.0,66.0,46.0,0.0,984.9683999999543,0
0.75,3 / 4,16.69924423399362,14.0,11.146768836303517,0.7544645503543211,355.95140000001993,0
0.3333333333333333,1 / 3,0.0,30.0,30.0,0.0,564.9225999999908,0
0.25,1 / 4,0.0,29.0,29.0,0.0,497.6235999999917,0
0.11904761904761904,5 / 42,46.909152432996386,445.7185210421483,134.6099388488063,26.570526711811997,411.945299999963,0
0.19469026548672566,22 / 113,181.17217083280826,332.20024081869656,68.05630457815636,180.32285094469697,2233.1382999999914,0
0.75,3 / 4,31.42956561483852,21.095023109728988,9.503078890700694,1.682843040607444,326.89360000001034,0
0.2,12 / 60,350.66965204248015,499.36459626208983,81.64864891867568,21.9613406019627,717.6809000000358,0
0.2903225806451613,9 / 31,49.18491612511842,296.1840643923977,44.100854769617506,25.34450699880911,586.0767999999807,0
0.17777777777777778,8 / 45,28.30075576600638,402.24370722237535,79.39387739620197,52.793544214857384,654.32150000002,0
0.06666666666666667,1 / 15,0.0,199.42417105255822,199.42417105255822,1.5516101673904994,407.0780000000377,0
0.11764705882352941,2 / 17,32.72206551873362,257.0486335306998,136.15648552658678,6.705836072276865,472.28960000001825,0
0.15714285714285714,11 / 70,33.41807061597902,385.6591759572174,80.30252904599396,55.37491286421035,1111.1214000000036,0
0.75,3 / 4,11.309932474020213,21.0,11.39934634239519,0.6459422414661738,350.95449999999255,0
0.14705882352941177,5 / 34,109.1000821156498,309.8596456462183,82.25375781974117,18.828803047986366,1406.000400000019,0
0.17142857142857143,12 / 70,311.9792778913094,201.5589243868899,73.30176836297044,160.35056772809833,927.3764000000083,0
0.10526315789473684,2 / 19,20.045249425421,249.09837414162303,126.1303259008957,3.079814990939277,314.5615000000107,0
0.18292682926829268,15 / 82,319.55376797915864,1042.0676561529006,119.09473148491787,305.5447232675173,1610.592100000009,0
0.2857142857142857,8 / 28,180.0,91.48223871331527,46.556138701666185,41.6773395178725,925.4015999999829,0
0.25,1 / 4,0.0,32.0,32.0,0.0,387.5814000000246,0
0.10204081632653061,5 / 49,22.761326280911284,403.54677547962143,148.74998301726322,22.145726846672304,481.1465999999782,0
1.0,2 / 2,16.504361381755018,7.810249675906654,5.707900475685322,0.7071067811865475,346.6684000000241,0
1.0,2 / 2,34.69515353123397,5.0,4.08113883008419,1.1523319193960637,390.4008000000031,0
0.19444444444444445,7 / 36,72.84239930800594,210.58252539087852,62.9907169614383,21.537302737277354,629.2198000000208,0
0.11428571428571428,8 / 70,180.0,472.72190556393724,113.56625071383156,83.61874781389926,1170.7204000000493,0
0.10144927536231885,7 / 69,354.28940686250036,604.6436967338699,128.6434531501921,30.142588333167602,1043.706200000015,0
0.5,1 / 2,0.0,19.849433241279208,19.849433241279208,0.25189636092993917,275.8497999999672,0
0.15384615384615385,6 / 39,174.28940686250036,275.4360179787676,115.51301367539996,34.16428686048642,838.0589000000036,0
0.125,3 / 24,62.33239855303654,532.634959423431,243.78973839413706,26.73706643729659,542.4389000000083,0
0.17777777777777778,8 / 45,25.559965171823805,473.212425872356,96.90408180274869,44.34658837929496,781.1907999999821,0
0.3333333333333333,1 / 3,0.0,31.016124838541646,31.016124838541646,0.33853358711505954,422.2209000000148,0
0.175,7 / 40,185.51713597898805,269.1802370160187,85.45822651782137,26.734452027822645,990.1709000000264,0
0.3333333333333333,2 / 6,176.82016988013578,54.08326913195984,27.04163456597992,0.6434522276212657,317.37060000002384,0
0.10714285714285714,15 / 140,69.22774531795417,1130.2765148405058,162.43241339328148,597.2330071971608,1950.4272000000346,0
0.5,1 / 2,0.0,23.0,23.0,0.0,775.0888999999734,0
1.0,2 / 2,90.0,5.0,2.5,0.0,386.2297999999719,0
0.19424460431654678,27 / 139,300.9637565320735,976.1444565227014,103.2360588492603,395.2536231884058,2425.508599999943,0
0.3333333333333333,2 / 6,92.29061004263853,50.039984012787215,25.019992006393608,0.5035972831957818,362.173300000024,0
0.075,3 / 40,14.317940856535259,719.3364998385665,279.4422248234367,18.741678698878214,469.6323000000557,0
1.0,2 / 2,38.65980825409009,6.4031242374328485,3.2015621187164243,0.0,546.141200000071,0
0.3333333333333333,1 / 3,0.0,26.40075756488817,26.40075756488817,0.39771586001624937,211.8827000000747,0
0.3333333333333333,4 / 12,311.18592516570965,107.20074626605917,34.48396631333415,3.6181213459809087,307.5264999999199,0
1.0,2 / 2,131.18592516570965,10.63014581273465,7.315072906367325,3.745316710276178,464.9623000000138,0
0.6666666666666666,2 / 3,20.15174703421188,15.620499351813308,15.243284049565908,1.898945323260393,648.7093999999342,0
0.10714285714285714,9 / 84,313.1034816967907,676.213723611108,123.0852155628522,158.49482142936446,2030.5763000000734,0
0.14285714285714285,1 / 7,0.0,68.59300255857006,68.59300255857006,0.269706811335504,246.93780000007246,0
0.2,2 / 10,13.53007577748103,75.66372975210778,51.9828365741388,4.352348483819102,660.8867000000319,0
0.045454545454545456,1 / 22,0.0,260.2498799231231,260.2498799231231,0.8984039642154317,648.7328999999445,0
0.18518518518518517,5 / 27,28.201628218694694,148.55302083767936,68.20673946149111,4.995043694397253,582.9547999999486,0
1.0,3 / 3,354.28940686250036,10.04987562112089,5.478346809418465,0.6142951168339511,1241.6927000000142,0
0.3181818181818182,7 / 22,102.72435568542238,75.0066663703967,35.09956332335386,15.920616472662749,656.9269000000786,0
0.19047619047619047,8 / 42,310.81508387488157,583.64544031458,91.45890480791017,18.240535827523225,785.4917000000132,0
0.17894736842105263,17 / 95,180.97501010247024,778.5403008194245,110.84326101410002,102.25935369075276,1561.2703999999212,0
0.16666666666666666,7 / 42,49.63349989779056,1071.1134393704524,184.14442768769345,26.394389665421176,746.5571999999229,0
0.2459016393442623,15 / 61,324.3991051176288,245.0,49.29974058526431,136.48944070396976,1452.9959000000963,0
0.023255813953488372,1 / 43,0.0,980.2958737034447,980.2958737034447,4.8831224228460615,421.7417000000132,0
0.375,6 / 16,19.653824058053317,88.32326986700618,26.292523933515913,6.406052123201547,750.4059000000125,0
0.07407407407407407,2 / 27,10.58989774634986,402.0049750935926,206.59265749054578,0.6153846153846154,466.5544000000227,0
0.12962962962962962,7 / 54,20.149879018448544,331.9036004625439,109.49425493463843,98.36311443079626,596.3695999999763,0
0.19230769230769232,25 / 130,350.2175929681927,376.77712244774096,67.33577844343482,171.56896680388851,1850.0657000000356,0
0.17857142857142858,5 / 28,355.2363583092738,296.0,74.22061930702526,0.559147414765145,713.6723999999231,0
1.0,3 / 3,84.28940686250036,10.04987562112089,3.6832918737069633,0.4902903378454601,222.00390000001062,0
0.5,1 / 2,0.0,14.212670403551895,14.212670403551895,0.4221585268381751,347.1962000000058,0
0.18181818181818182,8 / 44,29.759891980254306,157.69590990257166,67.948190204809,47.06366958576596,743.0695999999298,0
0.3,3 / 10,22.099133143662733,78.00640999302557,35.60923122970005,2.6561844863731654,402.93210000009276,0
0.19318181818181818,17 / 88,64.74683660542613,422.3837118071671,65.52558252535462,144.87752123818922,1618.5677000000142,0
0.3333333333333333,5 / 15,52.125016348901795,92.65527507918802,36.75738654742797,3.7425037577667224,333.56560000008903,0
0.16666666666666666,1 / 6,0.0,59.0,59.0,0.0,646.8107000000309,0
0.19767441860465115,17 / 86,354.80557109226515,409.70477175644413,72.0924799717441,192.03407842976486,1554.6317000000272,0
0.02702702702702703,1 / 37,0.0,497.02515026907844,497.02515026907844,0.8049000243528408,602.3845000000438,0
0.15384615384615385,2 / 13,1.7623910236605127,130.06152390311286,69.03076195155643,1.4426308221216975,558.6793000000762,0
0.1935483870967742,6 / 31,189.22896448212427,284.829773724588,62.65042227470469,35.574650074852194,937.8669000000227,0
0.5,1 / 2,0.0,3.0,3.0,0.0,325.8671000000322,0
0.2037037037037037,11 / 54,60.94539590092285,269.7869529832753,67.09843959790447,22.26990361556188,1266.172499999986,0
0.1016949152542373,6 / 59,114.48668093171602,908.2962071923454,175.4561552761629,42.694983289356145,712.0720999999903,0
0.16666666666666666,7 / 42,354.28940686250036,418.3455509504075,77.05535082505969,3.397884327995052,1243.1996999999974,0
1.0,2 / 2,37.87498365109819,8.48528137423857,8.273769561268558,2.6832815729997477,501.236200000043,0
0.21428571428571427,3 / 14,33.63735753209815,134.82581355215328,46.020627176551024,4.035801839231094,722.8307999999961,0
1.0,2 / 2,82.8749836510982,8.06225774829855,6.531128874149275,4.0,422.7804999999935,0
0.5,1 / 2,0.0,1.0,1.0,0.0,163.03559999994468,0
0.46153846153846156,12 / 26,102.35535986508353,94.19129471453293,22.742508623089904,9.424642519964008,1014.4082999998936,0
0.18604651162790697,8 / 43,334.99936064331166,488.87217143134666,83.3992457992663,12.70698594298655,725.8414000000339,0
0.075,3 / 40,14.986965686614313,501.36613367877175,173.0795600508031,3.748856885171726,504.4183999999659,0
1.0,4 / 4,17.744671625056924,10.295630140987,6.4730037014601844,0.5852057359806528,300.7365999999456,0
0.1702127659574468,8 / 47,27.030860259842996,209.97618912629116,73.27940893057412,29.98249928105837,1014.6297999999952,0
0.15384615384615385,8 / 52,308.6598082540901,233.085821104588,94.42634085111239,51.61377715200446,1370.5292999999365,0
0.5,1 / 2,0.0,2.0,2.0,0.0,266.6032000000123,0
0.10526315789473684,8 / 76,173.82110342250286,533.0759795751446,115.096831627556,35.38038678084529,2537.04170000006,0
0.2,1 / 5,0.0,56.142675390472796,56.142675390472796,0.5343528749093224,254.5448000000324,0
0.36363636363636365,4 / 11,23.725030028293283,76.69419795525604,28.33843726254747,2.715015283603382,518.7667000000365,0
0.2,5 / 25,14.981632572390907,214.28252378577213,67.22884760568965,4.428878193361841,511.4174999999814,0
0.1276595744680851,6 / 47,90.0,410.0256089563187,96.20080827708978,4.714023290656563,748.8610000000335,0
0.10344827586206896,12 / 116,355.0302592718897,1195.1108735175997,126.79508860076574,45.342856383901704,2219.3917000000365,0
1.0,2 / 2,90.0,1.0,1.0,0.7071067811865475,303.0396999999648,0
0.29411764705882354,5 / 17,354.28940686250036,121.2023102090055,35.69765076152524,4.1174557594853445,678.4104000000516,0
0.2,24 / 120,234.5587076153389,779.0308081199356,73.09738967056585,218.61737565507391,2726.592399999965,0
0.1774193548387097,11 / 62,40.30131948270056,408.37482782365515,77.83626715490136,123.89466957104113,1021.4934999999823,0
0.2054794520547945,15 / 73,38.445819409607225,208.08652046684813,66.99890660419433,132.41006339076463,1001.9862999999896,0
0.3333333333333333,3 / 9,155.3441012559184,61.0,29.88271249098423,3.2583139181240806,834.3782999999821,0
0.10526315789473684,6 / 57,34.47341221060564,588.3145417206683,122.16211971431265,4.085198167539774,553.7114000000292,0
0.2,8 / 40,335.47227951974196,207.0,63.677928533407425,34.63092336770374,998.6526999999769,0
0.1702127659574468,16 / 94,29.875992691689433,389.97051170569296,75.03657734045103,56.955323148216465,1652.6200999999419,0
0.24074074074074073,13 / 54,356.6335393365702,318.0,58.78598907941739,7.517126238418981,604.951199999894,0
0.1625,13 / 80,351.39912733727044,551.8197169366097,100.71814512316554,105.80997550737648,749.781799999997,0
1.0,2 / 2,45.0,2.8284271247461903,1.9142135623730951,0.5547001962252291,201.05590000003576,0
1.0,3 / 3,45.0,11.0,7.829617312784869,1.2189160697393246,453.46530000003986,0
0.21818181818181817,12 / 55,100.45990909292914,468.38979493579916,63.57991304226703,32.04299179222504,924.4334000000963,0
0.3333333333333333,1 / 3,0.0,32.0624390837628,32.0624390837628,0.592593718474215,317.03549999999814,0
0.2,1 / 5,0.0,44.0,44.0,0.0,250.8416000000434,0
0.25,1 / 4,0.0,32.2490309931942,32.2490309931942,0.4961389383568339,309.9070000000065,0
0.3333333333333333,1 / 3,0.0,16.0,16.0,0.0,462.9808999999659,0
0.4,2 / 5,11.433681265426685,44.04543109109048,24.08426835835407,1.0448362930992738,837.8959000000032,0
0.2857142857142857,2 / 7,88.36342295838328,70.02856560004639,35.014282800023196,0.7901537445355967,661.5860000000102,0
0.1891891891891892,7 / 37,51.67298801938178,226.74434943345335,59.51145903137415,34.59486636584897,1641.814100000076,0
0.23809523809523808,5 / 21,261.46923439005184,195.65530915362353,46.97267356480166,8.84680869938809,707.1209999999264,0
0.4,2 / 5,343.98456039373434,40.19950248448356,25.689921185991253,1.2147525675559931,748.1232999999775,0
0.16666666666666666,1 / 6,0.0,69.00724599634447,69.00724599634447,0.39126325953408253,614.8712999999989,0
0.4782608695652174,11 / 23,355.2363583092738,69.00724599634447,23.784678421180004,2.4545454545454546,762.310999999987,0
0.3023255813953488,13 / 43,101.30993247402021,187.6406139405859,42.6999016746446,27.039495273668894,1073.0775999999605,0
0.11764705882352941,2 / 17,7.930149620642215,143.1258187749506,102.70773239227017,2.875,658.7741000000387,0
0.5,1 / 2,0.0,3.0,3.0,0.0,270.9621000000043,0
0.125,2 / 16,354.18838166326736,164.02743672934722,94.0553129434659,1.4063630835058853,604.6302999999607,0
0.6666666666666666,2 / 3,90.0,15.0,7.5,0.0,427.49620000005234,0
0.10204081632653061,5 / 49,18.161680086517165,396.0807998376089,156.8117619656137,19.74702133783942,466.3556000000099,0
0.2,10 / 50,262.74680538727466,455.0703242357163,77.51534772583253,53.68608880372685,1725.7770999999484,0
0.1111111111111111,5 / 45,28.300755766006375,505.48986142157196,114.99393952123134,8.16535658399066,755.4242999999551,0
0.24285714285714285,17 / 70,181.0877638403841,176.91806012954132,57.42211545924463,81.6906121800365,1597.6012000000337,0
0.06666666666666667,1 / 15,0.0,188.0,188.0,0.0,633.9096999999601,0
0.08333333333333333,1 / 12,0.0,131.0,131.0,0.0,650.7199000000255,0
0.14285714285714285,1 / 7,0.0,69.00724599634447,69.00724599634447,0.3163918950553383,659.623900000006,0
0.25,1 / 4,0.0,35.014282800023196,35.014282800023196,0.3046375882546879,501.09619999991264,0
0.14285714285714285,1 / 7,0.0,80.0,80.0,0.0,442.4451999999583,0
0.375,3 / 8,14.036243467926479,43.04648650006177,27.186043568069575,1.133341899511105,1173.9355000000214,0
0.35294117647058826,6 / 17,155.39359306304792,72.69112738154499,30.837468316942545,4.73130176020869,656.7846000000136,0
0.06060606060606061,2 / 33,7.503825900510577,375.2132726863483,206.10663634317416,3.8293553578209325,425.9409000000451,0
0.25,16 / 64,69.14554196042164,241.85326129701042,51.69242526695207,178.54492080585135,1378.3677000000607,0
0.19444444444444445,7 / 36,171.86989764584405,156.54072952429985,65.06909980657248,21.98707503578695,785.2820000000065,0
0.13793103448275862,4 / 29,59.03624346792648,341.8844834150857,91.29413325437774,3.5016770600407523,344.40359999996144,0
0.26490066225165565,40 / 151,326.30993247402023,724.5536557081194,64.50955205599129,39.66371330525661,4641.781100000022,0
0.11320754716981132,6 / 53,30.96375653207352,647.5940086195981,130.197283946424,18.690951175754666,718.204299999983,0
0.6666666666666666,2 / 3,84.8055710922652,11.045361017187261,6.022680508593631,0.5813776741499453,482.8984000000637,0
0.1984126984126984,25 / 126,90.0,610.3810285387317,68.5254609017447,199.11638507908134,2290.0313000000315,0
0.22580645161290322,14 / 62,352.60901141509066,595.1890455981192,69.27706235371924,25.82679093351685,824.1735000000335,0
0.29310344827586204,17 / 58,68.34401096157751,181.41664752717708,40.67745784354298,23.77945216175659,1502.5173999998951,0
0.13953488372093023,6 / 43,84.28940686250036,378.80865882395034,96.77820834960129,26.94558610573781,1150.609300000011,0
0.3684210526315789,7 / 19,94.0444855741811,119.77478866606278,29.63856722161622,31.171716597277875,938.956700000097,0
0.15,6 / 40,354.28940686250036,247.1639132235934,91.35099124089805,12.210593793651512,968.6663999999873,0
0.20987654320987653,17 / 81,146.90426571549176,300.0933188193299,58.67956655877728,135.83229502029445,2038.593399999896,0
0.11475409836065574,7 / 61,15.000613860502725,299.20060160367325,120.90580533705983,56.2794152423627,774.6191000000108,0
0.1968503937007874,25 / 127,350.3112134396332,639.1189247706565,71.3960305585254,123.98195565277162,2753.4579000000376,0
0.12222222222222222,11 / 90,350.8731729918,512.3455864941163,123.81518227555972,149.37514665931454,1165.1321000000462,0
0.19548872180451127,26 / 133,354.80557109226515,411.5968901728972,67.48962858855556,261.5989245087971,2165.4299000001047,0
0.15384615384615385,6 / 39,180.0,559.8660554096846,129.22968265086982,73.50530703653723,898.3473000000231,0
0.05405405405405406,2 / 37,15.10655568287983,406.20807475972214,256.77199802678706,11.659938519468161,489.1946000000462,0
0.09375,3 / 32,298.1474050996966,303.1649715913763,142.0919605756022,20.43029071210186,1030.8941999999806,0
1.0,3 / 3,185.71059313749964,10.04987562112089,3.821363061164662,0.40249223594996214,446.8646000000881,0
0.20512820512820512,8 / 39,37.50414236027015,247.4772716836841,59.980457105365794,44.264168271563044,969.8012000001036,0
1.0,3 / 3,348.69006752597977,10.198039027185569,6.066013009061856,0.44172610429938614,358.08889999997336,0
0.13846153846153847,9 / 65,164.74488129694222,206.71236053995418,87.64970649997753,89.57865387385054,1038.563300000038,0
0.05555555555555555,1 / 18,0.0,234.13671220037236,234.13671220037236,1.2411049619823589,496.671399999992,0
0.15,9 / 60,41.24323730100903,290.2912330746487,92.08504114591662,67.92101967266103,1490.2278999999398,0
0.5,3 / 6,180.0,33.0,21.0,0.0,706.8876999999629,0
0.3333333333333333,1 / 3,0.0,24.0,24.0,0.0,434.3996000000043,0
0.12698412698412698,8 / 63,29.70541660354705,600.3707188063055,114.7543925281967,23.988245828794827,873.1062000000384,0
0.29411764705882354,10 / 34,311.18592516570965,116.77756633874505,42.43754943269796,37.023506462641166,630.2571999999927,0
0.625,10 / 16,341.565051177078,33.24154027718932,17.5207050634227,14.45854593091704,672.9113999999827,0
0.17647058823529413,15 / 85,43.04462605419351,544.4299771320459,71.24272129743386,43.464375510648495,1322.1565999999875,0
0.11688311688311688,9 / 77,356.0548137709624,631.8259253940123,118.35184622842768,12.750143626123096,893.5071000000462,0
0.6666666666666666,8 / 12,67.38013505195957,56.089214649520635,16.08763865185087,7.554349437085556,625.6821000000928,0
0.11627906976744186,5 / 43,14.916197739432008,447.7722635447622,131.64392952015473,27.350753501556557,917.1661000000313,0
0.16279069767441862,7 / 43,17.044871568885682,212.00943375236866,80.02795730913117,21.614905995702955,686.3850000000093,0
0.11764705882352941,2 / 17,10.994777349292121,178.27226368675525,92.13613184337763,0.6495509691386642,475.798300000024,0
0.17073170731707318,7 / 41,24.126727564341042,244.60784942433878,78.04477759786104,20.258883340833854,655.8115000000689,0
0.14583333333333334,7 / 48,353.5169263071027,645.1984190929174,107.37725257069152,9.325049683027425,1258.2566000000807,0
0.16666666666666666,1 / 6,0.0,72.0,72.0,0.0,265.59290000004694,0
0.4117647058823529,14 / 34,144.52466797179,173.07801709055948,29.49576996912337,35.401434981112736,1224.7116000000387,0
0.20512820512820512,8 / 39,59.20676611776037,353.60005656108143,59.83454978605008,40.842047635361745,938.0385000000242,0
0.359375,23 / 64,134.24615166692922,324.0385779502188,37.962433908077024,50.90333497529257,1337.2615000000224,0
0.20588235294117646,7 / 34,49.635463426902646,207.63429389192913,57.77044859064714,15.084737148945925,1314.937200000044,0
0.1282051282051282,5 / 39,266.8201698801357,642.769787715633,148.57320272489704,12.079022634392478,1070.1417000000365,0
0.16,4 / 25,28.85395701949554,230.82677487674604,81.87738299421449,11.186683103536856,541.0751000000164,0
0.2647058823529412,9 / 34,347.4688472747031,161.83015788165073,42.00765225971436,40.4570985451426,905.4217999998946,0
0.625,5 / 8,91.07082445478696,29.68164415931166,15.587785899734376,15.860167021793421,563.5309000000125,0
0.2777777777777778,5 / 18,23.632758611015966,190.30764566879597,45.8666018979644,8.406965455044483,438.36330000008456,0
0.038461538461538464,1 / 26,0.0,315.1793140420227,315.1793140420227,6.788389671140452,311.46059999999125,0
0.6666666666666666,2 / 3,20.854458039578347,14.212670403551895,10.268612861944327,0.8148769172359114,481.9664000000339,0
0.22413793103448276,13 / 58,45.0,257.41017850893155,62.477326158340475,53.24500274993957,1181.6317000000272,0
0.09259259259259259,10 / 108,100.22216863363613,875.3707785847092,139.0190535160777,41.218311029005115,1933.9492999999784,0
0.16666666666666666,15 / 90,182.91083782616775,369.02167957994016,81.58703414132239,165.59371945711112,1800.4070000000065,0
0.13846153846153847,9 / 65,354.32410528642686,364.1373367288776,107.83879695024297,4.906862822355473,1482.6635000000242,0
0.11764705882352941,4 / 34,28.06853222992929,470.417899319318,160.36108761453968,11.045906560728795,374.11269999993965,0
1.0,2 / 2,32.0053832080835,9.433981132056603,5.716990566028302,0.8944271909999159,468.76390000001993,0
0.25,9 / 36,46.00508600525418,175.86358349584486,50.42645246483024,20.71937930984259,1134.0982000000076,0
0.6,3 / 5,354.5596679689945,23.0,16.031674369909663,0.5099741727242213,540.6221999999834,0
0.13793103448275862,4 / 29,356.6335393365702,285.0438562747845,87.29600322924644,2.4978099885964546,920.9712999999756,0
0.5,2 / 4,348.628525358978,30.01666203960727,18.049712284952744,1.0,582.2406000000192,0
0.25,1 / 4,0.0,43.104524124504614,43.104524124504614,0.6882494881738267,1303.3179999999702,0
0.5,2 / 4,90.0,36.0,18.0,0.0,802.3421999999555,0
0.3333333333333333,1 / 3,0.0,31.0,31.0,0.0,627.2133000000613,0
0.5,1 / 2,0.0,22.0,22.0,0.0,766.0546999999788,0
0.5,1 / 2,0.0,11.0,11.0,0.0,511.04469999996945,0
0.3333333333333333,1 / 3,0.0,27.018512172212592,27.018512172212592,0.31459911433398224,325.8201999999583,0
0.16296296296296298,22 / 135,196.60698057861703,678.6140287379859,98.30480660514468,382.83655071081733,1941.6787000000477,0
0.21428571428571427,18 / 84,354.07105005801037,527.0910737244561,75.60708856023331,64.36144578313252,1281.9529999999795,0
0.3684210526315789,7 / 19,354.1736579704442,115.25623627379127,34.95016461164092,23.645877825713743,519.2887000000337,0
0.2222222222222222,6 / 27,23.682087724538448,311.96954979612997,80.69411866461805,7.680909397227235,426.73629999998957,0
0.12,3 / 25,66.4124974890117,300.1666203960727,104.53564230166108,5.39124029127741,344.5607000000309,0
0.4782608695652174,11 / 23,82.20300888976539,126.90547663517127,24.502930997661256,53.22727272727273,786.2255000000587,0
0.08571428571428572,3 / 35,78.85299347407809,510.5536210820564,183.55036210524815,8.95615970238829,469.8416000000434,0
0.4,4 / 10,256.06516488549863,63.52952069707436,24.934175932743187,11.532843470691274,948.2145999999484,0
0.34146341463414637,14 / 41,38.01637684244365,191.12822920751398,32.45159784957411,89.02439110346307,1714.0439999999944,0
0.1875,6 / 32,119.9315118405078,150.2165104108067,72.58313132961108,30.907326363534015,834.6193999999668,0
0.1919191919191919,19 / 99,120.68895873739356,515.8691694606298,79.35779932171238,95.35562282345182,1608.5788000000175,0
0.3333333333333333,1 / 3,0.0,27.018512172212592,27.018512172212592,0.5736807379031441,378.8573000000324,0
0.1864406779661017,11 / 59,291.16125981682825,578.7892535284324,73.0917625301191,28.249846820910225,1362.325199999963,0
1.0,2 / 2,45.0,7.0710678118654755,4.035533905932738,0.6401843996644799,370.3917000000365,0
0.34782608695652173,8 / 23,293.2541096624666,136.0,30.240325471414973,19.921332890452675,1831.3669000000227,0
0.75,3 / 4,22.750976342787638,14.7648230602334,10.573174731101604,2.729023189268931,419.9228000000585,0
0.11538461538461539,6 / 52,354.5596679689945,329.0060789711947,102.35849628367411,3.6184951819501,1827.9623000000138,0
0.3076923076923077,4 / 13,44.060809054264425,86.35392289873113,35.882909232345604,7.531299990255696,530.0450000000419,0
0.4,2 / 5,76.60750224624891,43.174066289845804,21.587033144922902,0.6716995291875152,293.0720000000438,0
0.23636363636363636,13 / 55,23.025492008528047,288.44410203711914,55.6354990009092,38.253326410650395,1215.8203000000212,0
0.23076923076923078,15 / 65,191.88865803962796,525.552090662762,63.50995468410367,62.361737005573694,2325.414999999921,0
0.3333333333333333,4 / 12,189.75677993768124,59.033888572581766,33.74005646911198,4.330917378969196,838.1539999999804,0
1.0,3 / 3,68.19859051364818,10.770329614269007,4.964478413295556,1.3233863197688538,234.26269999996293,0
0.1935483870967742,6 / 31,25.97439396243132,182.61708572858126,64.09448375426523,31.099559376884503,542.0906000001123,0
0.3,3 / 10,68.19859051364818,86.05230967266364,32.274213095644214,2.246350986783838,625.3191000000807,0
0.08695652173913043,2 / 23,7.983579697858101,212.05895406702354,127.67433785542514,2.090909090909091,930.3116000000155,0
0.5714285714285714,4 / 7,354.80557109226515,38.0,17.483476209296395,5.726089773066724,721.2188000000315,0
0.2,2 / 10,26.763420076960045,96.13012014972206,52.096188949010305,2.5673482784799595,696.4322999999858,0
0.18518518518518517,5 / 27,17.10272896905237,270.4163456597992,71.64467315174552,3.684705880589692,771.7677999999141,0
0.16666666666666666,4 / 24,10.883365194511363,143.7358688706476,77.15503308567261,3.601129782113588,318.10450000001583,0
1.0,2 / 2,90.0,6.0,3.0,0.0,330.2073000000091,0
0.42857142857142855,18 / 42,356.6335393365702,198.01262586006985,32.81260879576469,31.064936856229014,858.2889999999898,0
0.25,7 / 28,164.66180385949465,305.88396492787916,57.749159539372506,17.466811810050892,991.1308999999892,0
0.5,1 / 2,0.0,1.0,1.0,0.0,238.04079999995884,0
0.15625,5 / 32,86.08175113593262,339.3464306575214,87.46474233041879,10.100765495390682,429.5718999999808,0
0.1,10 / 100,211.46196814468715,554.8279012450618,128.99403840418097,251.2603560504652,1954.5942000000505,0
0.43478260869565216,10 / 23,41.18592516570965,77.0,23.680043611005907,4.476344232392891,1892.2663000000175,0
0.034482758620689655,2 / 58,6.009005957494509,734.0,395.6574597618142,2.901395894069084,1101.3841999999713,0
0.08641975308641975,7 / 81,355.0302592718897,771.621668954417,168.3478288479018,35.79359128059902,908.8564000000479,0
0.0958904109589041,7 / 73,45.641343878942536,494.17102302745354,157.4550291776853,206.83721505436063,593.1275000000605,0
0.38636363636363635,17 / 44,314.36575528557387,108.2081327812286,34.07288107337199,85.08757540755401,922.9645000000019,0
0.5,1 / 2,0.0,14.560219778561036,14.560219778561036,0.5494422557947561,345.24439999996684,0
1.0,2 / 2,90.0,1.0,0.5,0.0,226.04910000006203,0
0.28865979381443296,28 / 97,357.3974377975002,393.15391388106514,60.362568601976655,104.54688266213638,1689.9876999999397,0
0.14285714285714285,6 / 42,60.94539590092286,244.00819658363937,88.28601515601594,77.23997316841958,615.6300999999512,0
0.11538461538461539,3 / 26,14.223796289437018,197.80040444852483,119.11664681110534,13.672802025228401,401.906399999978,0
0.23529411764705882,4 / 17,180.3274008908444,175.0028571195339,57.15481765075707,8.537939685736436,742.7826999999816,0
0.5,1 / 2,0.0,23.0,23.0,0.0,406.0252999999793,0
0.5,1 / 2,0.0,24.020824298928627,24.020824298928627,0.33304435769745067,537.3854000000283,0
0.4,2 / 5,90.0,52.0,26.0,0.0,367.0585999999894,0
0.5,2 / 4,351.61439976520285,28.0178514522438,18.536618295190607,0.6666666666666666,754.4715999999316,0
0.3333333333333333,1 / 3,0.0,23.0,23.0,0.0,467.1260000000475,0
0.19047619047619047,12 / 63,350.4949452674447,519.2706423436626,84.52671069255932,108.7307434324046,1629.469299999997,0
0.18604651162790697,8 / 43,176.33074590436058,174.52220489095365,60.66522098842546,45.15798541725311,2248.399299999932,0
0.15555555555555556,7 / 45,38.79223277833796,390.0,98.77214513138036,30.888618081727653,658.6504000000423,0
0.25,6 / 24,36.99302592230338,150.20652449211386,50.25934595834148,55.29870978816716,453.23010000004433,0
0.17073170731707318,7 / 41,45.0,212.20037700249262,75.23254273952166,24.702919667361677,513.0756999999285,0
0.14285714285714285,1 / 7,0.0,67.72001181334805,67.72001181334805,0.44546162735194067,452.84560000000056,0
0.20512820512820512,16 / 78,349.6951535312339,329.0,65.29995833321385,38.96399637748949,1373.6310000000522,0
0.1111111111111111,1 / 9,0.0,118.03812943282352,118.03812943282352,1.3417274634984158,261.14549999998417,0
0.4,4 / 10,69.32557523912611,56.64803615307419,25.220855053686382,3.5302407644177363,554.2256000000052,0
0.8,4 / 5,29.05460409907714,27.459060435491963,12.096209097303404,2.446038348350392,411.35860000003595,0
0.6666666666666666,4 / 6,102.3390872783262,32.449961479175904,14.875273162732174,5.664791524292719,545.4222999999765,0
0.2727272727272727,3 / 11,26.18052151749348,105.3612832116238,41.4449830575447,2.3645264720891186,381.67479999992065,0
0.17073170731707318,21 / 123,354.3517526262647,925.8347584747507,114.33433693822454,419.1494098569804,2146.4453000000212,0
0.3333333333333333,5 / 15,30.96375653207352,148.03040228277433,38.62594031115073,3.659908714052062,510.1045999999624,0
0.125,3 / 24,343.90725663218643,273.99452549275503,96.75542077262433,5.684125726998491,661.9381000000285,0
0.18518518518518517,10 / 54,82.05652818940959,733.3109845079372,100.75205635340679,24.47518955647596,938.1926000000676,0
0.1694915254237288,10 / 59,48.81407483429035,635.4462998554637,115.56959886569435,35.95624190898973,1164.4370000000345,0
0.3333333333333333,1 / 3,0.0,26.0,26.0,0.0,506.67440000001807,0
1.0,3 / 3,18.43494882292201,10.198039027185569,7.420098925161373,0.7719302356170498,701.8774999999441,0
0.09615384615384616,5 / 52,19.69505886886373,324.13885913293393,131.95899704345635,6.498093011334575,705.8020999999717,0
0.22608695652173913,26 / 115,140.19442890773482,754.0086206403744,64.36296408641056,206.31711029888956,2537.09169999999,0
0.16923076923076924,22 / 130,286.13727656171784,1195.8143668646903,106.18944702262134,285.2138851383688,2165.984999999986,0
0.13513513513513514,5 / 37,202.40883172366256,253.44230112591703,104.5698398619435,16.00121976695164,681.6653999999398,0
0.2,5 / 25,11.607415675794945,188.86238376129853,62.4311094018319,3.1148890202056347,352.9704999999376,0
0.29508196721311475,18 / 61,347.17673456119286,422.02961981358607,51.39140685591347,67.64592243688593,1345.545000000042,0
0.16666666666666666,13 / 78,347.69489183027235,467.4665763453041,78.05900791877185,29.658830193195627,2746.2536000000546,0
0.5,1 / 2,0.0,22.02271554554524,22.02271554554524,0.18163064367459994,777.5991000001086,0
0.23684210526315788,9 / 38,54.16234704572172,407.659171367455,57.24248398655974,16.684643041884105,879.8529000000563,0
0.16964285714285715,19 / 112,354.28940686250036,886.7271282643833,107.01088653090585,39.9175135561657,2454.0197000000626,0
0.6666666666666666,2 / 3,18.138082155597317,27.294688127912362,14.765378052706076,0.7815718159351726,285.5239999999758,0
0.16666666666666666,6 / 36,41.14936117608924,221.82200071228283,77.42159090735855,28.422072883578355,470.96959999995306,0
1.0,4 / 4,48.81407483429035,10.63014581273465,7.185569795538522,2.958864350632567,1063.6659000000218,0
1.0,2 / 2,90.0,1.0,0.5,0.0,231.826999999932,0
0.16129032258064516,10 / 62,355.0302592718897,181.0,81.37831701059608,78.43626098238,811.3198000000557,0
0.1875,27 / 144,354.80557109226515,404.7283039274619,83.0316020773232,108.91242494745981,3242.4701999999816,0
0.5,1 / 2,0.0,5.0,5.0,0.0,292.9973999999929,0
0.32653061224489793,32 / 98,82.50414236027014,188.2153022471871,38.28535346936584,71.73019687994059,3205.557700000005,0
0.225,9 / 40,60.12400730831057,374.0761954468635,78.14990100460565,28.687488641750434,1061.2097999999532,0
0.42592592592592593,23 / 54,356.5317707410828,111.0,29.15658965762666,1.1352496945496582,678.2876999999862,0
0.3137254901960784,16 / 51,334.1536753811312,239.0397456491284,38.09229159483574,57.14180000759611,1766.6974000001792,0
0.08433734939759036,7 / 83,327.7243556854224,946.3297522534098,292.00447408130213,392.50024174683716,1002.4254000000656,0
0.09615384615384616,5 / 52,17.175903615746748,615.9650964137497,162.97319355924316,33.42238906648892,530.6365000000224,0
0.13953488372093023,6 / 43,170.3703506078664,447.3533279187716,121.95241806678195,30.56809536323014,715.1297999999952,0
0.5,5 / 10,30.688958737393587,69.46221994724903,19.443789559163196,4.4,554.0793999999296,0
0.24,18 / 75,297.985316723477,496.400040290087,55.12174055383569,123.84837827802437,1815.6066000000574,0
0.5,1 / 2,0.0,23.0,23.0,0.0,485.3660000001546,0
1.0,4 / 4,101.30993247402021,10.770329614269007,6.762782792938199,0.42090943320131763,373.6506000000518,0
0.08163265306122448,4 / 49,14.12871512093573,285.84261403786525,161.57453718823987,31.22160852488373,798.6374999999534,0
0.18421052631578946,7 / 38,41.63353933657019,329.2567387313432,79.34652061409307,16.254938603267565,714.6573999999091,0
0.18421052631578946,7 / 38,220.36453657309735,362.5382738415353,70.65426700917162,11.061026625629964,1335.248999999836,0
1.0,2 / 2,19.440034828176195,10.0,6.802775637731995,0.8919529754965996,276.7094999998808,0
0.14893617021276595,7 / 47,354.28940686250036,825.2860110289039,171.85784553464796,31.920781037622366,743.2250999999233,0
0.5,1 / 2,0.0,7.0,7.0,0.0,587.0446999999695,0
0.2,1 / 5,0.0,37.12142238654117,37.12142238654117,0.202039671915137,587.3271000001114,0
0.8,4 / 5,355.6012946450045,22.0,11.272070107881547,0.26085360502173227,394.3904000001494,0
0.1111111111111111,1 / 9,0.0,94.33981132056604,94.33981132056604,0.6836986326041021,374.35550000006333,0
0.08108108108108109,3 / 37,88.00194954651492,949.0758663036376,335.2328031941002,31.055987365039826,564.8817000000272,0
0.14285714285714285,2 / 14,8.860562145903085,102.12247548899312,84.2463247565868,4.0848753842957874,357.8149999999441,0
0.18421052631578946,7 / 38,26.95217893122893,200.7710138441304,69.1159434376202,9.237533382115805,686.0112999998964,0
0.18421052631578946,7 / 38,86.77895978449952,494.631175725914,82.6666035761922,16.7457646218208,725.3595999998506,0
0.225,9 / 40,331.55707137563667,191.06281689538653,55.38713005802524,86.61741998495346,658.2404000000097,0
0.23076923076923078,6 / 26,226.50743575877493,118.84864324004712,49.27880678591703,36.089204316158025,1351.751900000032,0
0.11363636363636363,5 / 44,38.74018572698303,229.10696191953662,113.80367214140685,38.95414014673929,706.7678999998607,0
0.20833333333333334,5 / 24,325.2348027634232,213.15252754776333,55.71095518542037,13.2581233300769,761.1689999999944,0
0.25,2 / 8,14.534455080540113,83.67795408588812,42.33897704294406,0.8067180221569881,350.2988999998197,0
0.058823529411764705,1 / 17,0.0,240.01041644062033,240.01041644062033,2.4100516493337616,437.57419999991544,0
0.2692307692307692,7 / 26,140.79279649503218,130.8166656049603,39.68590289069935,6.499954750973723,862.7705000001006,0
0.6923076923076923,9 / 13,352.5685920288275,46.389654018972806,15.62377529214347,18.193546168178496,1005.18349999981,0
1.0,3 / 3,270.0,10.198039027185569,7.4323528469261175,3.893668673334304,374.3685000000987,0
1.0,3 / 3,38.358480861988454,17.26267650163207,11.258802345141314,4.253663694080084,431.0540000000037,0
0.23076923076923078,3 / 13,39.390725553554205,105.19030373565806,49.64506706540504,3.118522214463748,469.3134999999311,0
0.4,4 / 10,303.69006752597977,75.23961722390672,22.014067762574673,1.7365103449335288,681.1106999998447,0
0.2608695652173913,6 / 23,114.48668093171602,206.0024271701671,43.1206370206504,6.189987118255894,798.9547999999486,0
0.21052631578947367,4 / 19,27.549417880132722,114.12712210513327,61.02464153005068,4.178257200827621,515.9246999998577,0
0.14285714285714285,2 / 14,8.634157791474033,120.41594578792295,80.23295728846226,2.97556086581857,385.1695999999065,0
0.2619047619047619,11 / 42,258.69006752597977,307.0439707924583,68.34355761225125,47.59350688615799,1347.309599999804,0
0.15714285714285714,11 / 70,29.028790023149675,277.1425625918906,85.71313677376669,132.09323174967028,961.5311999998521,0
0.14893617021276595,7 / 47,118.38082206013814,388.4906691286163,123.40601260645757,59.12870893890357,1377.693200000096,0
0.21428571428571427,3 / 14,27.03358098634805,92.84934033152847,53.66793826192148,7.707933725596443,384.83600000012666,0
0.025,1 / 40,0.0,648.5838419202255,648.5838419202255,6.341548116352141,391.5157000001054,0
0.5,4 / 8,59.48070110740092,53.71219600798314,19.29233384927798,5.539185651060991,628.9580999999307,0
0.1694915254237288,10 / 59,82.64762064010765,714.0896302285869,143.46407890344443,82.01771990832604,994.71940000006,0
0.11711711711711711,13 / 111,284.6208739886317,630.2578837269709,149.71475005217002,281.9818181818182,1362.6476000000257,0
0.5,2 / 4,45.0,25.0,13.207106781186548,0.5380637094168615,459.9143000000622,0
0.14285714285714285,7 / 49,21.801409486351815,414.9819273173231,94.29561363437774,9.374451145529914,607.1573999999091,0
0.6666666666666666,2 / 3,12.094757077012105,14.317821063276353,9.658910531638178,0.5718627694010401,309.30999999982305,0
0.4050632911392405,32 / 79,355.6012946450045,150.90394295710104,28.437753486934223,39.511415464096935,2426.403200000059,0
0.6666666666666666,2 / 3,67.38013505195957,13.0,7.5,0.9357604759733029,309.50399999995716,0
0.275,11 / 40,29.054604099077153,135.09256086106296,46.35347370693481,64.61153057726946,914.8030999999028,0
0.21238938053097345,24 / 113,356.0090869015702,544.121310003569,72.37668950113748,146.14957101455516,2373.7602999999654,0
0.5,1 / 2,0.0,19.0,19.0,0.0,433.67840000009164,0
0.2558139534883721,22 / 86,355.2363583092738,241.23847122712414,48.53611350957748,66.9661215983798,1811.0714000000153,0
0.08333333333333333,1 / 12,0.0,150.0,150.0,0.0,337.36200000019744,0
0.29,29 / 100,354.28940686250036,228.21919288263203,41.27835226576832,55.8868344008962,1953.8645000001416,0
0.2222222222222222,6 / 27,355.2363583092738,133.0338302838793,53.54218374883761,0.7386726219086565,999.0105000000913,0
0.25,4 / 16,56.30993247402023,120.22063050907694,39.81118030232233,4.667464953293689,846.9315000001807,0
0.0625,1 / 16,0.0,181.62048342629197,181.62048342629197,0.7333974532341627,363.10880000004545,0
0.14814814814814814,4 / 27,32.47119229084848,149.26486525636233,79.73766562667566,45.00505476079039,749.5079000000842,0
0.8518518518518519,23 / 27,354.28940686250036,29.068883707497267,12.943731898186519,13.892621894472551,1517.9503999999724,0
0.6666666666666666,2 / 3,12.528807709151508,18.439088914585774,9.719544457292887,0.43777227223091403,349.93050000001676,0
0.36363636363636365,4 / 11,175.60129464500446,52.15361924162119,26.17440574673468,25.4,1177.4395999999251,0
0.1,1 / 10,0.0,101.00495037373169,101.00495037373169,0.4334221007563907,441.95610000006855,0
0.375,3 / 8,34.380344723844885,67.26812023536856,26.599939451285113,1.12993510474287,635.7956000000704,0
0.39285714285714285,11 / 28,339.44395478041656,123.89108119634763,29.528701004516186,56.68567359109366,801.472400000086,0
1.0,2 / 2,225.0,1.4142135623730951,0.7071067811865476,0.0,185.04340000008233,0
0.36363636363636365,4 / 11,59.097785634928265,60.876925020897694,28.239752403673837,21.71240887669518,819.4949000000488,0
0.75,6 / 8,36.32682595212023,32.2490309931942,14.258807975299655,17.64374938781999,623.2253999998793,0
0.7142857142857143,5 / 7,46.08776384038409,27.892651361962706,15.583340187703195,13.746204378767487,485.90969999996014,0
0.5,1 / 2,0.0,17.4928556845359,17.4928556845359,0.17149858514250885,271.14749999996275,0
0.16455696202531644,26 / 158,327.7243556854224,549.6071324136906,85.47661747805539,60.22145996895801,3029.05979999993,0
0.1282051282051282,5 / 39,354.28940686250036,728.175802948711,151.01900553953874,10.268600837251176,635.3718000000808,0
0.038461538461538464,1 / 26,0.0,302.52437918290155,302.52437918290155,1.330801838474625,353.98560000001453,0
0.3,3 / 10,14.004814080232421,47.53945729601885,33.45403570776957,5.290538690502252,498.1905999998562,0
0.36363636363636365,8 / 22,351.1193408494797,168.94081803992782,35.234020226872225,24.70073414419555,486.2290000000503,0
0.13636363636363635,3 / 22,17.949402992913875,238.0,102.3297816835381,6.336243488799216,429.40280000003986,0
0.24,6 / 25,355.6012946450045,161.01242188104618,53.20194130791282,2.3569586769911934,638.6182999999728,0
0.1,2 / 20,44.809014775640314,300.00166666203705,150.70794011220508,0.9966557401189862,478.14730000006966,0
0.4090909090909091,9 / 22,354.80557109226515,80.62257748298549,27.592672566195574,4.382190159767767,761.530299999984,0
0.1111111111111111,2 / 18,6.050235822898786,218.21548982599745,116.60774491299873,1.1190073596297132,374.22540000011213,0
0.6,3 / 5,33.6900675259798,23.0,11.537417529852888,1.0181033025994704,366.2061999998987,0
0.08333333333333333,2 / 24,47.57914750028341,283.28254446753334,147.04959914696266,7.089307692142812,581.9798999999184,0
0.2962962962962963,8 / 27,354.80557109226515,187.8643127366132,42.74008737895714,4.641997480176044,739.5486999999266,0
0.16666666666666666,2 / 12,12.292049637244418,122.58874336577564,64.93442662752808,1.2685522304817969,529.4642000000458,0
0.21428571428571427,3 / 14,27.013587465577686,63.0317380372777,52.428342585916624,11.74839018151515,945.4571999998298,0
0.18181818181818182,10 / 55,117.25532837494306,908.0198235721509,106.96917827791574,57.61439873445109,1021.908800000092,0
0.25,9 / 36,77.86867893336749,190.60167890131504,48.647642228848035,4.219614477119168,788.1422999999486,0
0.24561403508771928,28 / 114,356.18592516570965,275.94383486499567,51.45421589836835,244.8725644097146,1905.3918000000995,0
0.2054794520547945,15 / 73,288.434948822922,420.57698462944927,62.432772191409974,100.23150193059774,1709.1706000000704,0
0.34782608695652173,8 / 23,312.65586752593015,140.06427096158393,33.98887100185349,12.956999554228144,953.0844999998808,0
0.1937984496124031,25 / 129,347.138766830451,558.5158905528114,88.67319697656903,285.7802502637642,2769.34449999989,0
0.5,1 / 2,0.0,3.0,3.0,0.0,203.873799999943,0
0.10714285714285714,3 / 28,47.6582522347078,396.4063571639587,153.8021190546529,23.81179838235948,437.31260000006296,0
0.16,8 / 50,264.26625331186824,251.40007955448223,77.4668490962817,95.73328462103443,1629.2343999999575,0
0.18518518518518517,5 / 27,356.4236656250026,257.0,68.46418823714163,2.2445938694111427,464.8368999999948,0
0.3076923076923077,4 / 13,349.99202019855863,61.0,31.911960327191643,5.2124456307596025,1029.9146000000183,0
0.5,2 / 4,90.0,36.0,18.0,0.0,530.5518999998458,0
0.21311475409836064,13 / 61,348.69006752597977,922.3708581693157,102.30090261312901,67.65956960502689,1902.0483999999706,0
0.19642857142857142,11 / 56,354.28940686250036,664.8308055437865,86.70983529429567,69.59712798320993,981.0687000001781,0
