Date,X,Y,T,Marker,Condition
2023-04-25 18:40:33.634639,1071,471,0.0,start,0
2023-04-25 18:40:33.666640,1063,463,32.0018,normal,0
2023-04-25 18:40:33.775004,1059,453,140.3658,normal,0
2023-04-25 18:40:33.951079,854,416,315.4536,normal,0
2023-04-25 18:40:34.006098,816,416,371.4592,normal,0
2023-04-25 18:40:34.156321,816,416,521.6828,stop,0
2023-04-25 18:40:34.303015,816,415,668.3764,start,0
2023-04-25 18:40:34.707011,111,213,1071.3807,normal,0
2023-04-25 18:40:34.771025,79,207,1135.4017,normal,0
2023-04-25 18:40:34.919034,71,200,1284.3959,normal,0
2023-04-25 18:40:35.038237,66,190,1403.5987,normal,0
2023-04-25 18:40:35.158279,58,182,1523.6401,normal,0
2023-04-25 18:40:35.222286,48,178,1587.6477,normal,0
2023-04-25 18:40:35.343108,26,178,1707.4687,normal,0
2023-04-25 18:40:35.537140,22,177,1902.5012,stop,0
2023-04-25 18:40:35.934380,21,177,2299.741,start,0
2023-04-25 18:40:35.998394,16,179,2363.7552,normal,0
2023-04-25 18:40:36.302561,10,188,2667.9228,normal,0
2023-04-25 18:40:36.334563,15,198,2699.9243,normal,0
2023-04-25 18:40:36.370571,32,213,2735.9324,normal,0
2023-04-25 18:40:36.410580,66,227,2775.9413,normal,0
2023-04-25 18:40:36.446588,97,233,2811.9494,normal,0
2023-04-25 18:40:36.487062,119,233,2852.4233,normal,0
2023-04-25 18:40:36.550990,126,225,2915.3645,normal,0
2023-04-25 18:40:36.594999,128,214,2960.3607,normal,0
2023-04-25 18:40:36.631006,128,203,2996.3677,normal,0
2023-04-25 18:40:36.663015,125,193,3027.3826,normal,0
2023-04-25 18:40:36.703025,118,184,3068.3861,normal,0
2023-04-25 18:40:37.202505,41,152,3567.8669,normal,0
2023-04-25 18:40:37.356540,41,151,3721.9017,stop,0
2023-04-25 18:40:38.090884,42,151,4456.2453,start,0
2023-04-25 18:40:38.400995,87,181,4766.3565,stop,0
2023-04-25 18:40:39.082110,87,182,5447.4714,start,0
2023-04-25 18:40:39.091114,87,183,5455.4884,normal,0
2023-04-25 18:40:39.150140,111,217,5515.5019,normal,0
2023-04-25 18:40:39.298984,237,453,5663.3596,normal,0
2023-04-25 18:40:39.475026,289,495,5839.3851,normal,0
2023-04-25 18:40:39.506602,295,504,5871.9631,normal,0
2023-04-25 18:40:39.690634,297,514,6055.9959,normal,0
2023-04-25 18:40:40.010630,288,520,6375.991,normal,0
2023-04-25 18:40:40.636562,40,508,7001.923,stop,0
2023-04-25 18:40:40.662573,40,509,7027.9345,start,0
2023-04-25 18:40:40.798598,199,540,7163.9597,normal,0
2023-04-25 18:40:40.866599,291,547,7231.9604,normal,0
2023-04-25 18:40:41.104656,294,543,7470.0171,stop,0
2023-04-25 18:41:02.094422,294,542,28459.7839,start,0
2023-04-25 18:41:02.174435,291,527,28539.7961,normal,0
2023-04-25 18:41:02.198440,300,521,28563.8016,normal,0
2023-04-25 18:41:02.246451,366,519,28611.8127,normal,0
2023-04-25 18:41:02.270450,376,523,28635.8117,normal,0
2023-04-25 18:41:02.432493,376,525,28797.8542,stop,0
2023-04-25 18:41:02.702855,377,525,29068.2169,start,0
2023-04-25 18:41:02.718876,412,540,29084.2376,normal,0
2023-04-25 18:41:02.738873,449,573,29104.2343,normal,0
2023-04-25 18:41:02.754876,470,603,29120.2377,normal,0
2023-04-25 18:41:02.814897,523,769,29180.2584,normal,0
2023-04-25 18:41:02.929994,526,926,29295.355,normal,0
2023-04-25 18:41:02.954009,529,938,29319.3707,normal,0
2023-04-25 18:41:03.034397,559,1003,29399.7581,normal,0
2023-04-25 18:41:03.050400,562,1015,29415.7616,normal,0
2023-04-25 18:41:03.090402,578,1048,29455.7638,normal,0
2023-04-25 18:41:03.571018,567,1052,29936.3794,normal,0
2023-04-25 18:41:03.587020,556,1052,29951.3807,normal,0
2023-04-25 18:41:03.687042,546,1050,30052.4039,normal,0
2023-04-25 18:41:03.730753,543,1040,30096.114,normal,0
2023-04-25 18:41:03.766738,543,1029,30132.0998,normal,0
2023-04-25 18:41:03.802944,547,1018,30168.3052,normal,0
2023-04-25 18:41:03.814421,554,1008,30179.7829,normal,0
2023-04-25 18:41:03.966462,892,772,30331.8237,normal,0
2023-04-25 18:41:04.030476,1004,681,30395.8377,normal,0
2023-04-25 18:41:04.122492,1197,522,30487.8537,normal,0
2023-04-25 18:41:04.186508,1353,336,30551.8695,normal,0
2023-04-25 18:41:04.222519,1374,273,30587.8807,normal,0
2023-04-25 18:41:04.246524,1374,262,30611.8856,normal,0
2023-04-25 18:41:04.435111,1389,247,30799.4724,normal,0
2023-04-25 18:41:04.612149,1403,241,30977.5106,stop,0
2023-04-25 18:41:04.735030,1403,240,31100.3915,start,0
2023-04-25 18:41:04.759137,1403,231,31124.3968,normal,0
2023-04-25 18:41:04.802563,1398,209,31167.9243,normal,0
2023-04-25 18:41:04.902440,1395,123,31267.801,normal,0
2023-04-25 18:41:04.934498,1389,101,31299.8591,normal,0
2023-04-25 18:41:05.002040,1386,51,31367.4012,normal,0
2023-04-25 18:41:05.103172,1373,9,31467.5407,normal,0
2023-04-25 18:41:05.142475,1368,0,31507.8368,normal,0
2023-04-25 18:41:05.316500,1366,0,31681.8612,stop,0
2023-04-25 18:41:05.542119,1365,0,31907.4807,start,0
2023-04-25 18:41:05.566140,1357,0,31931.5019,normal,0
2023-04-25 18:41:05.747081,742,204,32112.442,normal,0
2023-04-25 18:41:05.787138,679,213,32151.5121,normal,0
2023-04-25 18:41:05.807059,657,213,32171.4219,normal,0
2023-04-25 18:41:05.822881,645,214,32188.2423,normal,0
2023-04-25 18:41:05.870621,622,214,32235.9828,normal,0
2023-04-25 18:41:06.026072,627,223,32391.4336,normal,0
2023-04-25 18:41:06.118966,679,247,32484.3277,normal,0
2023-04-25 18:41:06.150953,689,249,32516.3148,normal,0
2023-04-25 18:41:06.235120,712,248,32600.4814,normal,0
2023-04-25 18:41:06.463018,819,218,32828.3796,normal,0
2023-04-25 18:41:06.531219,828,212,32896.5802,normal,0
2023-04-25 18:41:06.670987,832,202,33035.3668,normal,0
2023-04-25 18:41:06.859030,823,197,33223.3922,normal,0
2023-04-25 18:41:07.182504,517,190,33547.8655,normal,0
2023-04-25 18:41:07.424538,513,193,33789.8991,stop,0
2023-04-25 18:41:13.074728,515,189,39440.0895,start,0
2023-04-25 18:41:13.506806,557,276,39872.1678,normal,0
2023-04-25 18:41:13.659040,567,382,40024.4014,normal,0
2023-04-25 18:41:13.730518,553,426,40095.8795,normal,0
2023-04-25 18:41:13.754511,545,434,40119.8727,normal,0
2023-04-25 18:41:13.794520,527,445,40159.8819,normal,0
2023-04-25 18:41:13.902731,462,454,40268.0925,normal,0
2023-04-25 18:41:14.078764,351,453,40444.1253,normal,0
2023-04-25 18:41:14.198792,330,458,40564.1536,normal,0
2023-04-25 18:41:14.365179,328,458,40730.5403,stop,0
2023-04-25 18:41:15.511057,329,464,41876.2759,start,0
2023-04-25 18:41:15.598981,400,465,41963.3417,normal,0
2023-04-25 18:41:15.614984,410,467,41980.3459,normal,0
2023-04-25 18:41:15.891072,566,466,42255.4504,normal,0
2023-04-25 18:41:15.955023,587,460,42319.3925,normal,0
2023-04-25 18:41:16.038124,616,444,42403.4855,normal,0
2023-04-25 18:41:16.178225,644,411,42543.5863,normal,0
2023-04-25 18:41:16.311139,654,393,42676.3606,normal,0
2023-04-25 18:41:16.476646,654,390,42842.0072,stop,0
2023-04-25 18:41:16.567103,653,390,42932.0363,start,0
2023-04-25 18:41:16.722534,615,409,43087.8954,normal,0
2023-04-25 18:41:16.738527,606,416,43103.8887,normal,0
2023-04-25 18:41:16.874579,531,449,43239.94,normal,0
2023-04-25 18:41:17.006609,464,459,43371.9701,normal,0
2023-04-25 18:41:17.360321,351,459,43725.6829,stop,0
2023-04-25 18:41:21.511127,350,455,47875.4883,start,0
2023-04-25 18:41:21.718733,362,467,48084.0943,normal,0
2023-04-25 18:41:22.003066,588,839,48367.4406,normal,0
2023-04-25 18:41:22.154865,617,939,48519.2342,normal,0
2023-04-25 18:41:22.186431,628,959,48551.7923,normal,0
2023-04-25 18:41:22.278490,681,1017,48643.8514,normal,0
2023-04-25 18:41:22.438306,753,1052,48803.6678,normal,0
2023-04-25 18:41:22.486319,763,1053,48851.6803,normal,0
2023-04-25 18:41:22.636359,763,1053,49001.7208,stop,0
2023-04-25 18:41:22.919089,762,1053,49283.4504,start,0
2023-04-25 18:41:23.111222,752,1053,49476.5835,normal,0
2023-04-25 18:41:23.393785,766,1049,49759.1468,stop,0
2023-04-25 18:41:23.478864,765,1049,49844.2251,start,0
2023-04-25 18:41:24.052689,626,1048,50418.0508,stop,0
2023-04-25 18:41:24.350508,626,1047,50715.8696,start,0
2023-04-25 18:41:24.434508,625,1038,50799.8699,normal,0
2023-04-25 18:41:24.554534,566,939,50919.8951,normal,0
2023-04-25 18:41:24.566551,557,929,50931.9124,normal,0
2023-04-25 18:41:24.674575,472,784,51039.9368,normal,0
2023-04-25 18:41:24.778594,357,674,51143.9556,normal,0
2023-04-25 18:41:24.786653,351,664,51152.0142,normal,0
2023-04-25 18:41:24.854193,310,619,51219.5546,normal,0
2023-04-25 18:41:24.918214,292,590,51283.5759,normal,0
2023-04-25 18:41:25.138387,272,528,51503.7485,normal,0
2023-04-25 18:41:25.500678,272,510,51866.0391,stop,0
2023-04-25 18:41:30.886897,273,510,57252.2589,start,0
2023-04-25 18:41:31.094969,616,525,57460.3307,normal,0
2023-04-25 18:41:31.142079,738,507,57507.4407,normal,0
2023-04-25 18:41:31.304121,742,505,57669.482,stop,0
2023-04-25 18:41:31.390139,743,505,57755.5007,start,0
2023-04-25 18:41:31.406143,747,500,57771.5047,normal,0
2023-04-25 18:41:31.422147,756,494,57787.5081,normal,0
2023-04-25 18:41:31.455068,766,491,57819.4372,normal,0
2023-04-25 18:41:31.566948,831,477,57932.309,normal,0
2023-04-25 18:41:31.598085,841,472,57963.4468,normal,0
2023-04-25 18:41:31.758978,885,468,58124.339,normal,0
2023-04-25 18:41:31.831017,895,472,58195.3776,normal,0
2023-04-25 18:41:32.188666,902,479,58554.027,stop,0
2023-04-25 18:41:32.270677,903,480,58636.0388,start,0
2023-04-25 18:41:32.290673,904,480,58656.0341,normal,0
2023-04-25 18:41:32.362705,914,484,58728.0666,normal,0
2023-04-25 18:41:32.524741,915,485,58890.1027,stop,0
2023-04-25 18:41:34.266125,911,484,60631.4867,start,0
2023-04-25 18:41:34.406135,1284,220,60771.4964,normal,0
2023-04-25 18:41:34.438142,1339,193,60803.5035,normal,0
2023-04-25 18:41:34.499021,1374,158,60864.3829,normal,0
2023-04-25 18:41:34.515022,1380,149,60880.3837,normal,0
2023-04-25 18:41:34.606993,1371,141,60972.3547,normal,0
2023-04-25 18:41:34.682008,1327,121,61047.3693,normal,0
2023-04-25 18:41:34.795035,1240,106,61159.4031,normal,0
2023-04-25 18:41:34.958986,1199,91,61324.347,normal,0
2023-04-25 18:41:35.196159,1192,86,61561.5208,stop,0
2023-04-25 18:41:35.498245,1192,87,61863.606,start,0
2023-04-25 18:41:35.758636,1178,296,62123.9973,normal,0
2023-04-25 18:41:35.826653,1201,374,62192.014,normal,0
2023-04-25 18:41:35.834652,1206,383,62200.0138,normal,0
2023-04-25 18:41:35.854657,1216,407,62220.0182,normal,0
2023-04-25 18:41:35.890665,1247,447,62256.0263,normal,0
2023-04-25 18:41:35.914670,1267,465,62280.0314,normal,0
2023-04-25 18:41:35.954073,1286,476,62319.4344,normal,0
2023-04-25 18:41:36.152109,1284,477,62517.4704,stop,0
2023-04-25 18:41:36.222126,1283,477,62587.4874,start,0
2023-04-25 18:41:36.470196,1360,455,62835.5576,normal,0
2023-04-25 18:41:36.542212,1398,428,62907.5737,normal,0
2023-04-25 18:41:36.622236,1403,419,62987.597,normal,0
2023-04-25 18:41:36.786558,1405,409,63151.919,normal,0
2023-04-25 18:41:36.926588,1395,403,63291.9498,normal,0
2023-04-25 18:41:37.422694,1176,393,63788.055,normal,0
2023-04-25 18:41:37.446706,1165,390,63812.067,normal,0
2023-04-25 18:41:37.462709,1154,389,63828.0707,normal,0
2023-04-25 18:41:37.566961,1079,375,63931.3359,normal,0
2023-04-25 18:41:37.923040,913,367,64287.4162,normal,0
2023-04-25 18:41:38.083113,903,363,64448.4744,normal,0
2023-04-25 18:41:38.510161,896,355,64875.5225,normal,0
2023-04-25 18:41:38.876258,896,351,65241.6193,stop,0
2023-04-25 18:41:39.074303,896,350,65439.6643,start,0
2023-04-25 18:41:39.154305,902,346,65519.6664,normal,0
2023-04-25 18:41:39.278348,955,340,65643.7099,normal,0
2023-04-25 18:41:39.534979,1036,316,65900.3406,normal,0
2023-04-25 18:41:39.626015,1053,303,65991.376,normal,0
2023-04-25 18:41:39.670996,1087,293,66035.3861,normal,0
2023-04-25 18:41:39.719009,1135,292,66084.3706,normal,0
2023-04-25 18:41:39.770036,1189,302,66135.3972,normal,0
2023-04-25 18:41:39.802573,1200,302,66167.9346,normal,0
2023-04-25 18:41:39.960114,1201,303,66325.4752,stop,0
2023-04-25 18:41:44.446134,1202,303,70811.4953,start,0
2023-04-25 18:41:44.494145,1210,305,70859.5062,normal,0
2023-04-25 18:41:44.575034,1226,319,70939.3373,normal,0
2023-04-25 18:41:44.682403,1227,342,71047.7649,normal,0
2023-04-25 18:41:44.706402,1223,352,71071.763,normal,0
2023-04-25 18:41:44.778417,1198,377,71143.7784,normal,0
2023-04-25 18:41:44.830430,1157,394,71195.7911,normal,0
2023-04-25 18:41:45.134577,1030,416,71499.9382,normal,0
2023-04-25 18:41:45.218588,1022,423,71583.9499,normal,0
2023-04-25 18:41:45.334615,1003,432,71699.9769,normal,0
2023-04-25 18:41:45.458650,951,443,71824.0113,normal,0
2023-04-25 18:41:45.562680,923,459,71928.0417,normal,0
2023-04-25 18:41:45.638690,907,475,72004.0518,normal,0
2023-04-25 18:41:45.796733,905,476,72162.0943,stop,0
2023-04-25 18:41:45.922747,904,475,72288.1081,start,0
2023-04-25 18:41:45.974757,897,471,72340.1187,normal,0
2023-04-25 18:41:46.159038,903,480,72524.3994,normal,0
2023-04-25 18:41:46.302873,934,484,72668.2343,normal,0
2023-04-25 18:41:46.621466,940,488,72986.8271,stop,0
2023-04-25 18:41:47.362501,940,489,73727.8622,start,0
2023-04-25 18:41:47.414512,941,492,73779.8739,normal,0
2023-04-25 18:41:47.592039,944,494,73957.4,stop,0
2023-04-25 18:41:47.670056,943,494,74035.4176,start,0
2023-04-25 18:41:47.738061,853,494,74103.4226,normal,0
2023-04-25 18:41:47.858074,506,534,74223.435,normal,0
2023-04-25 18:41:47.866075,477,534,74231.4368,normal,0
2023-04-25 18:41:47.874077,445,536,74239.4387,normal,0
2023-04-25 18:41:47.886079,400,536,74251.4405,normal,0
2023-04-25 18:41:47.890081,385,538,74255.4421,normal,0
2023-04-25 18:41:47.990118,187,537,74355.4791,normal,0
2023-04-25 18:41:48.114975,192,528,74480.3364,normal,0
2023-04-25 18:41:48.198991,258,513,74564.3521,normal,0
2023-04-25 18:41:48.360105,261,513,74725.4665,stop,0
2023-04-25 18:42:05.030453,263,509,91395.8142,start,0
2023-04-25 18:42:05.182519,262,548,91547.88,normal,0
2023-04-25 18:42:05.250534,253,580,91615.8952,normal,0
2023-04-25 18:42:05.736384,225,638,92101.7454,stop,0
2023-04-25 18:42:07.818934,224,638,94184.2952,start,0
2023-04-25 18:42:07.858942,223,638,94224.3038,normal,0
2023-04-25 18:42:08.065047,221,644,94430.4085,stop,0
2023-04-25 18:42:08.398414,223,644,94763.7752,start,0
2023-04-25 18:42:08.446444,255,644,94811.8051,normal,0
2023-04-25 18:42:08.458447,265,642,94823.808,normal,0
2023-04-25 18:42:08.978044,792,657,95343.4056,normal,0
2023-04-25 18:42:09.218087,1146,723,95583.448,normal,0
2023-04-25 18:42:09.420731,1202,738,95786.0929,stop,0
2023-04-25 18:42:09.486740,1203,738,95852.101,start,0
2023-04-25 18:42:09.518754,1217,738,95884.1156,normal,0
2023-04-25 18:42:09.578768,1227,742,95944.1295,normal,0
2023-04-25 18:42:09.690792,1237,772,96056.1537,normal,0
2023-04-25 18:42:09.790115,1240,804,96155.4762,normal,0
2023-04-25 18:42:10.028177,1243,813,96393.5387,stop,0
2023-04-25 18:42:10.230417,1243,812,96595.7783,start,0
2023-04-25 18:42:10.346451,1223,788,96711.8128,normal,0
2023-04-25 18:42:10.430477,1143,731,96795.8384,normal,0
2023-04-25 18:42:10.642883,1058,692,97008.2444,normal,0
2023-04-25 18:42:11.292042,1054,688,97657.4035,stop,0
2023-04-25 18:42:14.758523,1051,683,101123.8848,start,0
2023-04-25 18:42:14.762525,1049,681,101127.886,normal,0
2023-04-25 18:42:14.798526,964,631,101163.887,normal,0
2023-04-25 18:42:14.988575,941,629,101353.9364,stop,0
2023-04-25 18:42:15.311066,941,630,101676.4277,start,0
2023-04-25 18:42:15.318081,941,631,101683.4429,normal,0
2023-04-25 18:42:15.500330,943,633,101865.6915,stop,0
2023-04-25 18:42:15.558338,942,632,101923.6991,start,0
2023-04-25 18:42:15.622699,929,631,101988.0606,normal,0
2023-04-25 18:42:15.762983,839,691,102127.417,normal,0
2023-04-25 18:42:15.902930,678,842,102268.2912,normal,0
2023-04-25 18:42:15.914925,672,851,102280.2861,normal,0
2023-04-25 18:42:15.962935,649,877,102328.2969,normal,0
2023-04-25 18:42:16.042953,628,930,102407.3294,normal,0
2023-04-25 18:42:16.166929,620,993,102532.2903,normal,0
2023-04-25 18:42:16.206938,611,999,102571.3137,normal,0
2023-04-25 18:42:16.372983,605,999,102738.3443,stop,0
2023-04-25 18:42:16.467149,604,999,102831.5103,start,0
2023-04-25 18:42:16.578965,583,1030,102944.326,normal,0
2023-04-25 18:42:16.690983,574,1050,103056.3444,normal,0
2023-04-25 18:42:16.936457,574,1059,103301.818,stop,0
2023-04-25 18:42:17.066695,573,1059,103432.0563,start,0
2023-04-25 18:42:17.290926,536,1035,103656.2876,normal,0
2023-04-25 18:42:17.318933,524,1017,103684.2949,normal,0
2023-04-25 18:42:17.326935,521,1007,103692.2968,normal,0
2023-04-25 18:42:17.656085,460,701,104021.4464,stop,0
2023-04-25 18:42:17.731103,460,700,104095.4639,start,0
2023-04-25 18:42:17.854130,459,688,104219.4913,normal,0
2023-04-25 18:42:17.878137,453,679,104243.4983,normal,0
2023-04-25 18:42:17.926160,436,666,104291.5217,normal,0
2023-04-25 18:42:18.026927,416,624,104392.2888,normal,0
2023-04-25 18:42:18.095018,413,547,104460.3794,normal,0
2023-04-25 18:42:18.119025,419,521,104483.4048,normal,0
2023-04-25 18:42:18.363027,540,281,104728.3889,normal,0
2023-04-25 18:42:18.374783,549,273,104740.1448,normal,0
2023-04-25 18:42:18.386779,556,264,104752.1406,normal,0
2023-04-25 18:42:18.398801,566,257,104764.1629,normal,0
2023-04-25 18:42:18.410791,576,253,104776.1525,normal,0
2023-04-25 18:42:18.426168,587,251,104791.5299,normal,0
2023-04-25 18:42:18.601085,594,251,104966.446,stop,0
2023-04-25 18:42:18.702107,594,250,105067.4687,start,0
2023-04-25 18:42:18.723113,595,242,105087.4731,normal,0
2023-04-25 18:42:18.846357,644,115,105211.7188,normal,0
2023-04-25 18:42:19.209429,650,0,105574.7908,stop,0
2023-04-25 18:42:20.138906,650,1,106504.2675,start,0
2023-04-25 18:42:20.306406,653,18,106671.7679,normal,0
2023-04-25 18:42:20.502449,707,99,106867.8101,normal,0
2023-04-25 18:42:20.694536,905,301,107059.8971,normal,0
2023-04-25 18:42:20.698542,916,307,107063.9039,normal,0
2023-04-25 18:42:20.814181,1141,450,107179.5427,normal,0
2023-04-25 18:42:20.968220,1142,450,107333.5812,stop,0
2023-04-25 18:42:21.090259,1141,450,107455.6206,start,0
2023-04-25 18:42:21.118251,1133,443,107483.6121,normal,0
2023-04-25 18:42:21.174252,1115,431,107539.6135,normal,0
2023-04-25 18:42:21.380458,1113,428,107745.8196,stop,0
2023-04-25 18:42:21.906408,1113,425,108271.7698,start,0
2023-04-25 18:42:22.534521,899,402,108899.882,normal,0
2023-04-25 18:42:22.538530,889,399,108903.8917,normal,0
2023-04-25 18:42:22.662961,724,370,109028.3221,normal,0
2023-04-25 18:42:22.730945,714,366,109095.3131,normal,0
2023-04-25 18:42:22.786054,708,357,109151.4157,normal,0
2023-04-25 18:42:22.866082,705,347,109231.4431,normal,0
2023-04-25 18:42:22.974106,714,338,109339.4672,normal,0
2023-04-25 18:42:23.058139,844,287,109423.5002,normal,0
2023-04-25 18:42:23.114151,925,220,109479.5125,normal,0
2023-04-25 18:42:23.122146,934,209,109487.5074,normal,0
2023-04-25 18:42:23.728129,1152,14,110093.4909,stop,0
2023-04-25 18:42:24.327426,1151,14,110691.7821,start,0
2023-04-25 18:42:24.595152,1090,63,110959.5192,normal,0
2023-04-25 18:42:24.662947,961,114,111027.7985,normal,0
2023-04-25 18:42:24.757966,640,170,111123.3278,normal,0
2023-04-25 18:42:24.762917,623,170,111128.2788,normal,0
2023-04-25 18:42:24.770915,591,173,111136.2766,normal,0
2023-04-25 18:42:24.774916,576,173,111140.2771,normal,0
2023-04-25 18:42:24.779031,560,174,111144.2763,normal,0
2023-04-25 18:42:24.783037,545,174,111147.4164,normal,0
2023-04-25 18:42:24.786327,530,176,111151.6883,normal,0
2023-04-25 18:42:24.798351,485,176,111163.7125,normal,0
2023-04-25 18:42:24.802342,472,177,111167.7032,normal,0
2023-04-25 18:42:24.806341,458,177,111171.7025,normal,0
2023-04-25 18:42:24.811166,447,178,111175.7151,normal,0
2023-04-25 18:42:24.819172,427,178,111184.5336,normal,0
2023-04-25 18:42:24.930210,300,190,111295.5717,normal,0
2023-04-25 18:42:25.382724,295,180,111748.0857,normal,0
2023-04-25 18:42:25.582289,270,95,111947.6502,normal,0
2023-04-25 18:42:25.643048,255,62,112008.4091,normal,0
2023-04-25 18:42:26.016330,249,19,112381.6912,stop,0
2023-04-25 18:42:26.370409,248,19,112735.7701,start,0
2023-04-25 18:42:26.855030,239,23,113220.3914,normal,0
2023-04-25 18:42:26.962200,239,34,113327.5611,normal,0
2023-04-25 18:42:27.010352,242,44,113375.713,normal,0
2023-04-25 18:42:27.306951,267,78,113671.3316,normal,0
2023-04-25 18:42:27.350378,275,85,113715.7395,normal,0
2023-04-25 18:42:27.454372,359,110,113819.7335,normal,0
2023-04-25 18:42:27.962229,1098,139,114327.5903,normal,0
2023-04-25 18:42:28.158466,1352,102,114523.8275,normal,0
2023-04-25 18:42:28.186326,1374,95,114551.6879,normal,0
2023-04-25 18:42:28.210370,1384,89,114575.7317,normal,0
2023-04-25 18:42:28.330369,1406,65,114695.7301,normal,0
2023-04-25 18:42:28.402386,1411,56,114767.7472,normal,0
2023-04-25 18:42:28.554068,1412,24,114919.4298,normal,0
2023-04-25 18:42:28.610087,1410,14,114975.4483,normal,0
2023-04-25 18:42:28.901230,1405,6,115266.5916,stop,0
2023-04-25 18:42:29.066661,1404,6,115432.0222,start,0
2023-04-25 18:42:29.090666,1403,6,115456.0273,normal,0
2023-04-25 18:42:29.282950,1394,12,115648.3116,normal,0
2023-04-25 18:42:29.711015,1342,60,116075.3948,normal,0
2023-04-25 18:42:29.802440,1220,117,116167.8019,normal,0
2023-04-25 18:42:29.882393,1141,134,116247.7546,normal,0
2023-04-25 18:42:29.890383,1130,134,116255.7443,normal,0
2023-04-25 18:42:29.898391,1118,136,116263.7529,normal,0
2023-04-25 18:42:29.914400,1091,136,116279.7618,normal,0
2023-04-25 18:42:29.931021,1060,139,116295.7654,normal,0
2023-04-25 18:42:30.506492,474,134,116871.8536,normal,0
2023-04-25 18:42:30.694614,468,114,117059.9754,normal,0
2023-04-25 18:42:30.852638,468,113,117217.9994,stop,0
2023-04-25 18:42:33.014901,468,121,119380.2621,start,0
2023-04-25 18:42:33.310954,477,122,119676.3155,normal,0
2023-04-25 18:42:33.358964,521,149,119723.324,normal,0
2023-04-25 18:42:33.838146,1616,219,120203.5075,normal,0
2023-04-25 18:42:33.863132,1640,215,120227.507,normal,0
2023-04-25 18:42:33.918449,1661,207,120283.8107,normal,0
2023-04-25 18:42:33.963011,1669,200,120328.0223,normal,0
2023-04-25 18:42:34.026920,1672,190,120392.2814,normal,0
2023-04-25 18:42:34.345336,1687,166,120710.6972,stop,0
2023-04-25 18:42:34.954170,1686,166,121319.5315,start,0
2023-04-25 18:42:35.106203,1674,168,121471.5647,normal,0
2023-04-25 18:42:35.370263,1583,204,121735.6242,normal,0
2023-04-25 18:42:35.478287,1422,361,121843.6488,normal,0
2023-04-25 18:42:35.538309,1326,480,121903.6708,normal,0
2023-04-25 18:42:35.614116,1242,531,121979.4773,normal,0
2023-04-25 18:42:36.034093,1013,593,122399.4547,normal,0
2023-04-25 18:42:36.295249,1005,600,122659.6268,normal,0
2023-04-25 18:42:36.342641,1005,611,122708.0023,normal,0
2023-04-25 18:42:36.478341,1013,651,122843.7025,normal,0
2023-04-25 18:42:36.728398,1013,660,123093.759,stop,0
2023-04-25 18:42:36.886020,1013,661,123251.3812,start,0
2023-04-25 18:42:36.899043,1013,662,123263.4042,normal,0
2023-04-25 18:42:37.097256,1012,665,123462.6175,stop,0
2023-04-25 18:42:37.122277,1012,664,123487.6384,start,0
2023-04-25 18:42:37.206938,1006,673,123572.2993,normal,0
2023-04-25 18:42:37.370091,984,788,123735.4524,normal,0
2023-04-25 18:42:37.596103,984,793,123961.4642,stop,0
2023-04-25 18:42:38.710337,981,793,125075.6987,start,0
2023-04-25 18:42:39.186251,862,751,125551.6128,normal,0
2023-04-25 18:42:39.462325,824,731,125827.6863,normal,0
2023-04-25 18:42:39.890427,440,646,126255.7884,normal,0
2023-04-25 18:42:39.954989,405,646,126320.3509,normal,0
2023-04-25 18:42:40.079009,340,668,126443.3707,normal,0
2023-04-25 18:42:40.254964,269,703,126620.3255,normal,0
2023-04-25 18:42:40.351313,243,725,126715.6934,normal,0
2023-04-25 18:42:40.538219,233,727,126903.5809,normal,0
2023-04-25 18:42:41.000381,235,722,127365.7425,stop,0
2023-04-25 18:42:41.026385,236,722,127391.7468,start,0
2023-04-25 18:42:41.134942,240,719,127500.3037,normal,0
2023-04-25 18:42:41.361225,243,718,127726.5864,stop,0
2023-04-25 18:42:41.438228,243,719,127803.5891,start,0
2023-04-25 18:42:41.490238,247,727,127855.5999,normal,0
2023-04-25 18:42:41.644288,247,728,128009.6498,stop,0
2023-04-25 18:42:41.834405,247,727,128199.7664,start,0
2023-04-25 18:42:42.063054,245,717,128428.4153,normal,0
2023-04-25 18:42:42.166498,255,683,128531.8592,normal,0
2023-04-25 18:42:42.214509,255,659,128579.8707,normal,0
2023-04-25 18:42:42.282524,244,628,128647.8856,normal,0
2023-04-25 18:42:42.322554,232,608,128687.915,normal,0
2023-04-25 18:42:42.370559,224,601,128735.9203,normal,0
2023-04-25 18:42:42.912100,214,585,129277.4612,stop,0
2023-04-25 18:42:43.294395,214,586,129659.7569,start,0
2023-04-25 18:42:43.639147,231,632,130004.5081,normal,0
2023-04-25 18:42:44.006383,232,664,130371.7447,normal,0
2023-04-25 18:42:44.264443,230,669,130629.804,stop,0
2023-04-25 18:42:45.386523,228,667,131751.8848,start,0
2023-04-25 18:42:45.426532,225,672,131791.8931,normal,0
2023-04-25 18:42:45.970924,155,945,132336.2852,normal,0
2023-04-25 18:42:46.027050,155,956,132391.4103,normal,0
2023-04-25 18:42:46.063057,157,967,132427.4186,normal,0
2023-04-25 18:42:46.401565,159,972,132766.9267,stop,0
2023-04-25 18:42:47.014732,159,971,133380.0933,start,0
2023-04-25 18:42:47.082742,167,966,133448.103,normal,0
2023-04-25 18:42:47.434807,446,877,133800.1689,normal,0
2023-04-25 18:42:47.774240,839,710,134139.6017,normal,0
2023-04-25 18:42:47.790908,849,708,134156.269,normal,0
2023-04-25 18:42:48.026202,1046,703,134391.5632,normal,0
2023-04-25 18:42:48.192239,1046,704,134557.6008,stop,0
2023-04-25 18:42:48.998883,1046,700,135364.2449,start,0
2023-04-25 18:42:49.219041,1046,692,135583.4028,normal,0
2023-04-25 18:42:49.383132,1027,666,135748.4931,normal,0
2023-04-25 18:42:49.446957,1026,656,135812.318,normal,0
2023-04-25 18:42:49.479019,1032,647,135843.3883,normal,0
2023-04-25 18:42:49.642461,1162,559,136007.8228,normal,0
2023-04-25 18:42:49.682470,1199,543,136047.8318,normal,0
2023-04-25 18:42:49.842507,1476,449,136207.8681,normal,0
2023-04-25 18:42:49.890517,1551,384,136255.8789,normal,0
2023-04-25 18:42:49.938528,1596,316,136303.8896,normal,0
2023-04-25 18:42:50.046813,1646,201,136412.1749,normal,0
2023-04-25 18:42:50.424296,1649,178,136789.6579,stop,0
2023-04-25 18:42:50.914625,1649,179,137279.9862,start,0
2023-04-25 18:42:50.962642,1639,185,137328.0036,normal,0
2023-04-25 18:42:51.398253,993,673,137763.6143,normal,0
2023-04-25 18:42:51.458384,945,715,137823.7454,normal,0
2023-04-25 18:42:51.559053,866,771,137923.4335,normal,0
2023-04-25 18:42:51.586067,859,779,137951.4284,normal,0
2023-04-25 18:42:51.756112,858,781,138121.473,stop,0
2023-04-25 18:42:52.722834,858,780,139088.1952,start,0
2023-04-25 18:42:52.890040,852,770,139255.4019,normal,0
2023-04-25 18:42:52.906044,842,766,139271.4057,normal,0
2023-04-25 18:42:53.002067,610,714,139367.4286,normal,0
2023-04-25 18:42:53.026071,541,679,139391.4322,normal,0
2023-04-25 18:42:53.118523,366,494,139483.8846,normal,0
2023-04-25 18:42:53.334437,118,170,139699.7986,normal,0
2023-04-25 18:42:53.406511,111,140,139771.8726,normal,0
2023-04-25 18:42:53.467000,111,129,139832.3615,normal,0
2023-04-25 18:42:53.530293,113,119,139895.6546,normal,0
2023-04-25 18:42:53.610492,129,105,139975.8537,normal,0
2023-04-25 18:42:53.766405,139,109,140131.7665,normal,0
2023-04-25 18:42:54.010912,278,253,140376.2731,normal,0
2023-04-25 18:42:54.022915,283,262,140388.2767,normal,0
2023-04-25 18:42:54.034916,291,270,140400.2776,normal,0
2023-04-25 18:42:54.214918,393,394,140580.2798,normal,0
2023-04-25 18:42:54.374628,571,517,140739.9896,normal,0
2023-04-25 18:42:54.627038,905,656,140991.4112,normal,0
2023-04-25 18:42:54.758373,962,659,141123.7349,normal,0
2023-04-25 18:42:54.976715,971,656,141342.076,stop,0
2023-04-25 18:42:55.270766,972,656,141636.1271,start,0
2023-04-25 18:42:55.468396,972,655,141833.7574,stop,0
2023-04-25 18:42:56.634468,974,654,142999.8294,start,0
2023-04-25 18:42:56.794318,928,640,143159.6793,normal,0
2023-04-25 18:42:56.814339,919,635,143179.7003,normal,0
2023-04-25 18:42:56.943052,891,576,143307.4131,normal,0
2023-04-25 18:42:57.111034,865,516,143475.4103,normal,0
2023-04-25 18:42:57.214458,853,498,143579.8196,normal,0
2023-04-25 18:42:57.476898,851,492,143842.2597,stop,0
2023-04-25 18:42:57.618922,850,492,143984.2832,start,0
2023-04-25 18:42:58.013116,831,492,144378.4773,stop,0
2023-04-25 18:42:59.034415,830,492,145399.7766,start,0
2023-04-25 18:42:59.122450,824,499,145487.8112,normal,0
2023-04-25 18:42:59.186957,825,524,145551.3183,normal,0
2023-04-25 18:42:59.230305,836,556,145595.6665,normal,0
2023-04-25 18:42:59.546382,904,649,145911.743,normal,0
2023-04-25 18:42:59.945237,912,653,146310.5982,stop,0
2023-04-25 18:43:02.102248,913,648,148467.609,start,0
2023-04-25 18:43:02.441080,915,648,148806.4418,stop,0
2023-04-25 18:43:02.778357,915,647,149143.7181,start,0
2023-04-25 18:43:03.066672,915,638,149432.0336,normal,0
2023-04-25 18:43:03.094554,912,628,149459.915,normal,0
2023-04-25 18:43:03.398990,709,363,149763.3705,normal,0
2023-04-25 18:43:03.470986,700,356,149836.3473,normal,0
2023-04-25 18:43:03.800333,690,342,150165.6946,stop,0
2023-04-25 18:43:04.430504,690,343,150795.8659,start,0
2023-04-25 18:43:04.502514,694,359,150867.8751,normal,0
2023-04-25 18:43:04.526519,700,369,150891.8801,normal,0
2023-04-25 18:43:04.702560,880,526,151067.921,normal,0
2023-04-25 18:43:04.738565,934,599,151103.9267,normal,0
2023-04-25 18:43:04.754577,944,623,151119.9382,normal,0
2023-04-25 18:43:04.774593,949,645,151139.9549,normal,0
2023-04-25 18:43:04.830586,949,669,151195.9475,normal,0
2023-04-25 18:43:04.906609,941,689,151271.9702,normal,0
2023-04-25 18:43:05.006625,933,719,151371.9863,normal,0
2023-04-25 18:43:05.090664,926,727,151456.0257,normal,0
2023-04-25 18:43:05.302775,916,729,151668.1365,normal,0
2023-04-25 18:43:05.452951,916,729,151818.3128,stop,0
2023-04-25 18:43:06.494723,914,721,152860.0848,start,0
2023-04-25 18:43:06.832401,914,718,153197.7621,stop,0
2023-04-25 18:43:07.590949,915,715,153956.3101,start,0
2023-04-25 18:43:07.742221,915,709,154107.5828,normal,0
2023-04-25 18:43:07.794262,908,701,154159.6238,normal,0
2023-04-25 18:43:07.846538,877,685,154211.8997,normal,0
2023-04-25 18:43:08.254372,221,487,154619.7332,normal,0
2023-04-25 18:43:08.306399,216,477,154671.7606,normal,0
2023-04-25 18:43:08.439120,222,304,154804.3505,normal,0
2023-04-25 18:43:08.802160,211,168,155167.5211,normal,0
2023-04-25 18:43:09.032515,208,161,155397.8763,stop,0
2023-04-25 18:43:09.554641,208,162,155920.0025,start,0
2023-04-25 18:43:09.695088,219,187,156059.4498,normal,0
2023-04-25 18:43:09.890419,213,178,156255.7804,normal,0
2023-04-25 18:43:10.145891,208,159,156511.2523,stop,0
2023-04-25 18:43:10.362452,208,158,156727.8137,start,0
2023-04-25 18:43:10.430278,209,134,156795.6395,normal,0
2023-04-25 18:43:10.570868,228,60,156936.2292,normal,0
2023-04-25 18:43:10.933027,252,20,157298.3888,stop,0
2023-04-25 18:43:11.462308,253,20,157827.6699,start,0
2023-04-25 18:43:12.093667,386,14,158459.0281,stop,0
2023-04-25 18:43:12.742228,385,14,159107.5894,start,0
2023-04-25 18:43:13.409270,147,0,159774.6317,stop,0
2023-04-25 18:43:13.966609,147,1,160331.9702,start,0
2023-04-25 18:43:14.058461,165,32,160423.8223,normal,0
2023-04-25 18:43:14.170021,278,164,160535.3823,normal,0
2023-04-25 18:43:14.302043,347,289,160667.4042,normal,0
2023-04-25 18:43:14.478082,421,527,160843.4437,normal,0
2023-04-25 18:43:14.558241,423,601,160923.6025,normal,0
2023-04-25 18:43:14.670264,419,678,161035.6259,normal,0
2023-04-25 18:43:14.682267,422,689,161047.6289,normal,0
2023-04-25 18:43:14.758527,447,738,161123.8883,normal,0
2023-04-25 18:43:14.794948,450,748,161160.3094,normal,0
2023-04-25 18:43:14.878289,456,757,161243.6508,normal,0
2023-04-25 18:43:15.068312,458,759,161433.6735,stop,0
2023-04-25 18:43:15.314860,459,759,161680.221,start,0
2023-04-25 18:43:15.796803,473,725,162162.1649,stop,0
2023-04-25 18:43:16.362307,475,724,162727.6689,start,0
2023-04-25 18:43:16.510583,480,734,162875.9448,normal,0
2023-04-25 18:43:16.626269,503,757,162991.6303,normal,0
2023-04-25 18:43:16.662205,512,763,163027.5667,normal,0
2023-04-25 18:43:16.920030,557,779,163285.391,stop,0
2023-04-25 18:43:17.970635,558,779,164335.9969,start,0
2023-04-25 18:43:18.190695,833,772,164556.0563,normal,0
2023-04-25 18:43:18.202685,844,774,164568.0464,normal,0
2023-04-25 18:43:18.310213,914,774,164675.5746,normal,0
2023-04-25 18:43:18.514315,934,771,164879.6763,normal,0
2023-04-25 18:43:18.741035,935,772,165106.3966,stop,0
2023-04-25 18:43:20.774662,936,775,167140.023,start,0
2023-04-25 18:43:20.870059,916,785,167235.4204,normal,0
2023-04-25 18:43:20.922277,872,833,167287.6388,normal,0
2023-04-25 18:43:20.946271,853,864,167311.6325,normal,0
2023-04-25 18:43:21.262595,775,1058,167627.9564,normal,0
2023-04-25 18:43:21.477051,772,1062,167842.4128,stop,0
2023-04-25 18:43:21.842660,771,1062,168208.0214,start,0
2023-04-25 18:43:22.034905,765,1061,168399.2656,normal,0
2023-04-25 18:43:22.114326,756,1056,168479.6872,normal,0
2023-04-25 18:43:22.460584,764,1051,168825.9453,stop,0
2023-04-25 18:43:27.182177,765,1051,173547.5386,start,0
2023-04-25 18:43:27.190179,765,1050,173555.5409,normal,0
2023-04-25 18:43:27.430837,768,1040,173796.1988,normal,0
2023-04-25 18:43:27.515014,769,1007,173879.3911,normal,0
2023-04-25 18:43:27.734108,822,812,174099.4691,normal,0
2023-04-25 18:43:27.881973,868,747,174247.3346,normal,0
2023-04-25 18:43:27.943064,887,735,174307.4239,normal,0
2023-04-25 18:43:28.156431,894,737,174521.7924,stop,0
2023-04-25 18:43:28.266814,894,738,174632.1756,start,0
2023-04-25 18:43:28.386842,895,728,174752.2037,normal,0
2023-04-25 18:43:28.586756,925,656,174952.117,normal,0
2023-04-25 18:43:28.686301,937,590,175051.6629,normal,0
2023-04-25 18:43:28.878667,946,503,175244.028,normal,0
2023-04-25 18:43:29.143029,960,462,175508.39,normal,0
2023-04-25 18:43:29.293066,960,462,175658.4279,stop,0
2023-04-25 18:43:31.286890,961,462,177652.2515,start,0
2023-04-25 18:43:32.079173,1126,478,178443.5344,normal,0
2023-04-25 18:43:32.134434,1136,481,178499.7954,normal,0
2023-04-25 18:43:32.534151,1170,507,178899.5127,normal,0
2023-04-25 18:43:32.732585,1172,507,179097.9466,stop,0
