section_count_before,section_count_after,angle_max,section_max1,section_max2,section_max3,section_max4,section_max5,section_median,section_average,square,time,time_max1,time_max2,time_max3,time_max4,time_max5,time_median,time_average,condition
11,6,35.92850242282283,33.1058907144937,22.67156809750927,22.135943621178654,17.46424919657298,10.295630140987,19.800096408875817,19.3281519852881,9.749539334829072,337.1776,116.08419999999998,80.0743,57.0162,44.9996,23.00200000000001,51.0079,56.196266666666666,1
42,13,19.052907074025253,194.3707796969493,80.65358020571685,55.072679252057455,51.884487084291386,39.408120990476064,14.212670403551895,41.359849378569656,10.202128528870695,632.3477999999999,139.02749999999992,128.14689999999996,96.00030000000004,80.00059999999996,45.07860000000005,35.99950000000001,48.64213846153845,1
35,9,77.64464013491647,258.11818998280614,245.20399670478457,46.010868281309364,21.095023109728988,10.44030650891055,10.44030650891055,67.69319276140057,15.91016557540274,667.5335,212.15650000000005,131.21810000000005,81.07400000000007,65.64609999999993,46.17990000000009,46.17990000000009,74.1703888888889,1
31,15,71.98384336021311,87.02298546935747,38.948684188300895,33.95585369269929,27.202941017470888,26.248809496813376,22.825424421026653,24.93919345107908,48.32432403514602,755.4947000000002,202.5693000000001,135.8134,129.6585,72.13560000000007,39.906900000000405,24.02489999999989,50.366313333333345,1
94,22,36.587654709573165,238.30442715149042,238.2540660723338,168.90825912311098,117.51595636338071,83.24061508662703,28.044429797390524,59.157610794606256,193.0240755953318,1019.2839000000004,149.07939999999962,114.70980000000054,99.99250000000029,80.0,68.01879999999983,33.98959999999943,46.33108636363638,1
3,2,7.43140797117249,23.194827009486403,4.0,0.0,0.0,0.0,13.597413504743201,13.597413504743201,0.49694186733680945,186.20800000000054,106.23540000000048,79.97260000000006,0.0,0.0,0.0,93.10400000000027,93.10400000000027,1
10,3,9.926245506651705,81.21576201698781,13.152946437965905,11.0,0.0,0.0,13.152946437965905,35.122902818317904,2.68305319431861,370.16020000000026,246.98390000000018,88.10720000000038,35.06909999999971,0.0,0.0,88.10720000000038,123.38673333333342,1
83,13,95.79279649503216,800.7877371688455,215.00232556881798,129.07362240210043,89.47066558375433,85.0,60.41522986797286,119.52593387496634,86.7811636445197,1113.6788000000006,423.47699999999986,192.39080000000013,159.61359999999968,112.57410000000073,56.0038999999997,31.999899999999798,85.66760000000005,1
57,15,58.10920819815429,1038.4801394345488,129.00387591076478,70.03570517957252,25.632011235952593,23.259406699226016,10.63014581273465,91.74170949109453,54.4393709087563,617.5903999999991,120.10559999999896,92.9951000000001,85.10759999999937,52.019900000001144,43.98030000000108,32.97999999999956,41.17269333333328,1
72,14,72.328949638008,733.2728005319711,413.6520276754364,324.0385779502188,58.008620049092706,45.5411901469428,26.308416313550975,123.81972818810925,84.3000149030291,759.7361999999994,179.21049999999923,92.99209999999948,91.79979999999887,88.0038999999997,87.9982,39.50014999999985,54.266871428571385,1
8,6,23.537114075280208,17.029386365926403,15.0,11.704699910719626,11.180339887498949,11.0,11.442519899109287,12.725788778842587,9.64811645507674,389.0491999999995,150.72669999999925,83.23799999999937,60.00660000000062,44.083700000001045,27.99499999999898,52.04515000000083,64.84153333333325,1
55,10,50.1944289077348,227.86399452304877,140.29255147726127,62.289646009589745,62.03224967708329,49.678969393496885,47.83948469674844,67.65853209279666,57.180805353021654,732.8256999999994,351.6407999999992,102.09419999999955,83.99959999999919,63.09569999999985,32.00300000000061,32.00115000000005,73.28256999999994,1
65,14,83.73251859515071,254.5937941113255,118.10588469674151,99.72462083156798,95.524865872714,73.7360156233031,55.392387957221324,65.02994422178323,50.47915220137975,988.4799999999996,253.24739999999838,132.0023999999994,120.01200000000063,100.00039999999899,76.02119999999923,44.06915000000026,70.60571428571426,1
44,11,18.01370880631043,129.72663566130126,114.38968484964018,104.7377677822093,97.41663102366043,79.02531240052139,64.4980619863884,62.68824520734643,46.21635254098651,608.6203000000005,216.99109999999928,172.16589999999997,75.25240000000122,47.9997000000003,24.093700000001263,16.113799999999173,55.329118181818224,1
71,14,49.630931966969584,495.66319209721433,172.6267650163207,79.05694150420949,35.73513677041127,26.419689627245813,21.5,67.51718713168171,93.55788233532948,1081.821,472.35199999999895,156.2559000000001,105.34479999999894,73.22170000000187,60.53729999999996,33.568600000000515,77.27292857142857,1
74,11,16.41209772637841,729.3627355438445,292.965868319161,111.01801655587259,107.2240644631605,84.21995013059554,72.44998274671983,137.9432255464405,150.11898464163767,838.1643000000004,165.06619999999748,161.15590000000157,120.00860000000102,88.10640000000058,82.99699999999939,81.01320000000123,76.19675454545458,1
76,16,46.08776384038409,393.3675126392621,200.35218990567586,95.63472172804185,63.071388124885914,52.172789842982326,30.654229139304576,63.969744625066745,49.39556038230436,712.8397000000004,148.01120000000083,100.99269999999888,95.70500000000175,77.1208000000006,68.00370000000112,32.91679999999906,44.55248125000003,1
19,7,41.633539336570195,77.00649323271382,63.50590523722971,49.72926703662542,18.027756377319946,11.180339887498949,18.027756377319946,34.31715591223669,22.60255178806036,806.0540999999976,400.0156999999999,154.0018999999993,65.04460000000108,55.00149999999849,51.995599999998376,55.00149999999849,115.15058571428537,1
14,4,95.1749339171591,103.4456378974,26.476404589747453,10.816653826391969,10.04987562112089,0.0,18.646529208069712,37.697142983665074,16.422466911937196,1336.0112999999983,932.3093000000008,149.12999999999738,139.53450000000157,115.03749999999854,0.0,144.33224999999948,334.0028249999996,1
41,13,29.98163936884934,130.49521064008442,111.13955191559843,67.20119046564577,51.78802950489621,50.00999900019995,32.89376840679705,43.16399234701213,73.65596392444647,487.8945999999996,180.85059999999794,47.92869999999675,46.99890000000232,44.10329999999885,32.99799999999959,19.01270000000295,37.530353846153815,1
34,9,173.1588304479143,380.69541631072997,22.360679774997898,22.360679774997898,21.02379604162864,20.396078054371138,20.396078054371138,56.69309640241383,13.25974487086749,818.9223999999995,229.15090000000055,132.28809999999794,115.09119999999893,111.9916000000012,67.10220000000118,67.10220000000118,90.99137777777771,1
25,8,15.422161318738677,84.07734534343957,78.00640999302557,52.08646657242167,37.107950630558946,14.7648230602334,25.93638684539617,36.92131373159298,19.18400586472974,374.7966000000015,138.14580000000205,75.54000000000087,52.00619999999981,35.998499999997875,29.016599999999016,32.507549999998446,46.849575000000186,1
77,13,30.827662299868035,520.6495942570205,499.001002003002,195.93111034238538,91.6624241442479,41.43669871020132,31.575306807693888,116.63408713293727,36.42053521887633,743.3403999999973,127.23509999999806,115.97839999999997,88.0759999999973,83.99729999999909,71.09089999999924,51.99959999999919,57.18003076923056,1
62,17,73.30075576600638,428.72951846123215,96.1041102138717,91.92388155425118,35.35533905932738,33.0,14.317821063276353,49.26750044964265,67.59913799694291,877.7537000000011,128.12119999999777,119.26859999999942,109.13340000000244,81.07570000000123,76.02579999999944,40.00109999999768,51.63257058823536,1
15,11,39.21760767763597,22.847319317591726,22.02271554554524,21.213203435596427,14.212670403551895,12.041594578792296,11.40175425099138,14.109870752280369,24.458679331558592,685.9315999999999,121.24499999999898,114.41920000000027,88.11059999999998,75.20110000000204,69.84609999999884,52.0154999999977,62.35741818181817,1
25,13,45.0,119.03780911962384,31.38470965295043,21.18962010041709,12.36931687685298,11.180339887498949,10.816653826391969,21.127746099946513,26.28309822407697,1001.3725999999988,168.03110000000015,161.22749999999724,156.6720000000023,140.46700000000055,100.53329999999914,59.10729999999967,77.02866153846145,1
69,4,113.68208772453845,928.2375773475237,34.52535300326414,10.816653826391969,9.848857801796104,0.0,22.671003414828053,245.857110494744,18.315615405796656,853.8624999999993,352.8685000000005,235.88210000000254,209.3895999999986,55.72229999999763,0.0,222.63585000000057,213.46562499999982,1
9,6,31.42956561483852,21.095023109728988,20.8806130178211,20.223748416156685,10.198039027185569,3.1622776601683795,15.210893721671127,12.759950205176787,5.698180807479821,1014.236699999994,380.164300000004,229.98489999999583,147.9820000000036,128.8955999999962,115.1981999999989,138.4387999999999,169.039449999999,1
70,15,26.56505117707799,275.68822970885066,248.94376875109768,114.73883387938018,59.941638282582836,33.24154027718932,22.80350850198276,60.56294544737353,47.257004407153225,675.690499999997,171.3041000000012,96.15920000000187,80.01120000000083,64.09210000000166,64.01219999999739,32.979999999995925,45.046033333333135,1
94,18,33.6900675259798,260.0173071162764,219.61101975993827,209.49701668520245,167.6007159889241,144.8481963988506,19.143236271630354,70.94095375143682,119.59990500492408,810.1891000000032,134.12320000000182,87.97739999999612,75.00409999999829,68.06549999999697,64.00359999999637,38.48784999999771,45.01050555555574,1
79,10,12.453757142682942,525.0295229794226,288.88232898535,134.23859355639868,84.17244204607586,61.741396161732524,55.860696080065864,122.20604381079625,83.08631423472488,569.509100000003,200.18359999999666,100.21220000000176,64.00330000000395,45.556200000006356,39.373099999997066,39.18630000000121,56.95091000000029,1
15,5,13.9673231569257,75.02666192761077,58.180752831155424,18.439088914585774,12.206555615733702,8.06225774829855,18.439088914585774,34.38306340747684,2.0924098460610554,294.4760000000024,137.21659999999974,60.080000000001746,45.01770000000397,44.1504999999961,8.011200000000827,45.01770000000397,58.89520000000048,1
52,10,39.6106882400266,961.1295438181057,157.01273833673497,25.317977802344327,17.0,12.649110640673518,11.732882233532743,121.63346995746159,26.40237045664162,582.9856999999975,155.16410000000178,132.00740000000224,103.14319999999861,68.0083999999988,39.99439999999595,34.07159999999931,58.29856999999974,1
111,21,180.0,446.135629601582,333.2101439032131,263.9109698364204,143.17122615944868,129.00387591076478,14.317821063276353,79.00014682379343,79.07017594646281,2227.9207000000024,1213.601999999999,167.21929999999702,119.9765999999945,115.99840000000404,85.23029999999562,28.010600000001432,106.09146190476201,1
64,14,148.26529017978189,310.1032086257735,176.8219443394965,131.5750736271882,50.53711507397311,49.193495504995376,31.512856931965267,63.32228134472528,155.74717178720215,1749.9644000000044,1117.5607000000018,174.99109999999928,170.0112999999983,67.9742000000042,35.98720000000321,28.50355000000127,124.99745714285746,1
70,11,65.41367048366382,1217.1910285571448,76.32168761236873,36.6742416417845,22.0,21.93171219946131,21.18962010041709,131.0674494932631,35.0677216179292,900.8078999999998,256.00069999999687,227.99990000000253,87.00340000000142,78.97679999999673,57.00959999999759,53.99539999999979,81.89162727272725,1
57,16,162.50644640009918,111.83022847155415,99.02019995940222,95.70788891204319,90.87353850269065,68.59300255857006,28.877539942897315,45.83782558009478,55.22741219470813,940.9393999999957,187.9968000000008,143.99759999999515,117.01369999999588,80.9291000000012,64.9994000000006,43.50210000000152,58.80871249999973,1
36,14,27.255328374943065,249.45139807184887,79.42921376924235,64.03124237432849,46.61544808322666,45.31004303683677,12.062320276193434,42.882039393269714,51.458945238146974,511.97849999999744,196.99700000000303,39.98909999999887,36.018700000000536,35.98099999999977,34.97989999999845,21.99605000000156,36.569892857142676,1
137,26,83.56526084896329,562.1681243186953,443.3565156846124,361.1204785109812,312.0256399721023,234.64867355261143,23.224083380001808,97.59199538307192,275.48453763226075,2422.721899999997,917.2350000000006,311.09040000000095,160.05019999999786,99.99429999999847,82.99199999999837,45.50510000000213,93.18161153846141,1
74,19,23.344010961577496,439.1924407364043,232.7767170487633,80.36168241145776,55.94640292279746,49.72926703662542,31.622776601683793,60.55655862943966,73.218754401926,1602.5809000000008,599.2439000000013,316.1327999999994,88.00019999999495,80.14719999999943,72.23559999999998,48.111400000001595,84.34636315789479,1
44,16,179.5017883873861,118.51160280748886,115.00434774390054,63.702433234531945,47.16990566028302,36.069377593742864,22.435017431568482,36.37751714653541,87.61073161489347,4238.050500000005,3575.8098000000027,201.11870000000636,153.39489999999932,68.39800000000105,55.60099999999511,25.998749999998836,264.8781562500003,1
15,10,46.6846843178963,45.617978911828175,24.08318915758459,23.323807579381203,11.40175425099138,11.180339887498949,11.090169943749475,16.474165420373556,15.758379695014488,1166.5305999999982,516.2131000000008,212.8663000000015,143.24820000000182,80.12549999999464,68.94310000000405,61.00760000000082,116.65305999999983,1
160,30,56.30993247402022,426.07511074926686,377.33009421460144,317.9701243827791,312.1297807002722,136.01470508735443,21.606601717798213,76.51647979287617,575.5822733244308,2405.2646999999997,427.46770000000106,244.55490000000282,244.2030999999988,189.07829999999376,136.58039999999892,49.80964999999924,80.17549,1
54,11,84.28940686250037,756.0165342107274,74.72616676907762,23.706539182259394,15.297058540778355,14.035668847618199,11.0,85.1994030061659,29.847306136149896,1058.3357000000033,334.6826000000001,204.10230000000593,117.9965000000011,108.01970000000438,105.51879999999801,77.99409999999625,96.21233636363667,1
95,24,134.23610153907003,143.024473430249,142.61837188805654,127.58134659894448,120.00416659433121,115.96551211459379,33.64141733271515,52.65570024223675,229.62674367528976,2475.6398000000045,640.8424999999988,285.97909999999683,277.35519999999815,200.02129999999306,194.17900000000373,56.01180000000022,103.15165833333351,1
104,28,82.74680538727468,900.6497654471465,142.76203977248295,128.82546332150332,115.6027681329474,93.29523031752481,12.062320276193434,61.41429379945454,132.51309804426802,4565.348100000003,2434.944000000003,912.6638999999996,179.17480000000796,174.01870000000054,103.18189999999595,32.06239999999525,163.04814642857153,1
31,9,163.94001269283936,130.0,114.86513831445988,51.62363799656123,21.095023109728988,21.02379604162864,21.02379604162864,41.9331292871832,12.559999999999999,821.5027999999875,230.15159999999742,122.17339999999967,118.97999999999593,116.44440000000759,104.12360000000626,104.12360000000626,91.2780888888875,1
117,23,136.1457628381751,372.15050718761626,345.3983207834109,276.99097458220547,167.72000476985446,144.10065926289164,27.65863337187866,82.70127911234151,137.15698608307264,1820.800900000002,704.294000000009,156.02159999999276,128.01200000000244,105.0454000000027,93.89540000000852,31.999800000005052,79.16525652173922,1
83,14,157.38013505195957,659.6673404072692,332.6409475695979,196.596032513375,81.40024569987489,56.859475903318,24.768364064153268,105.250039800427,13.773576517061162,5249.407500000001,3736.966499999995,872.6512000000075,168.75810000000638,132.11819999999716,62.994900000005146,44.07785000000149,374.95767857142863,1
72,15,163.88539981356303,374.78660595063957,289.34754189382704,116.21101496846157,95.58765610684259,51.419840528729765,23.40939982143925,75.03937489023197,176.34056097129505,2912.7535999999964,1472.1457999999984,460.25010000000475,248.1073000000033,192.9948000000004,116.0,42.61480000001029,194.1835733333331,1
60,18,80.13419305691563,335.0373113550191,154.17522498767434,55.0,26.0,24.758836806279895,11.421121838594775,42.85654298361106,93.94111781620173,1249.5862999999954,421.27780000001076,209.10959999999614,150.63949999999022,124.16300000000047,73.13000000000466,23.64364999999816,69.42146111111086,1
10,5,12.81847045624763,47.042533945356304,21.02379604162864,13.152946437965905,11.40175425099138,10.0,13.152946437965905,20.524206135188443,0.5277909059007625,145.9774999999936,58.00289999999222,40.00209999999788,24.22959999999148,15.743600000001607,7.9993000000104075,24.22959999999148,29.19549999999872,1
49,11,118.85150844886687,122.06555615733703,109.01834707974616,104.01922899156675,89.69392398596462,58.9406481131655,34.438350715445125,56.47199660587992,102.56667314408786,1659.0472000000009,1189.0475000000006,88.0005000000092,69.00929999999062,64.00130000000354,58.99519999999029,53.99910000000091,150.8224727272728,1
14,5,41.34777721969367,112.16059914247963,33.301651610693426,12.0,11.180339887498949,1.0,12.0,33.9285181281344,10.326156332329115,561.1199999999953,169.0179999999964,153.09900000000198,87.00049999999464,80.00329999999667,71.99920000000566,87.00049999999464,112.22399999999907,1
81,16,25.95646942695693,316.07752213657966,262.24606765402604,243.01851781294363,170.66048165876012,137.3062270984095,20.88681819040154,83.12069839386572,118.227412670732,1917.5665000000008,980.1668000000063,220.96239999998943,181.12260000000242,95.08949999998731,76.00160000000324,54.07704999999987,119.84790625000005,1
91,21,14.708024837218977,254.7508586835381,151.0529708413575,118.00423721205946,84.581321815162,78.60025445251433,32.64965543462902,55.93918374978228,127.80720504307413,977.7577999999921,221.07050000000163,115.81230000000505,108.99719999999797,91.99989999999525,84.10550000000512,20.000399999989895,46.55989523809486,1
21,8,82.31601817026605,74.09453421137081,62.177166226839255,33.301651610693426,22.67156809750927,16.15549442140351,19.41353125945639,30.363005929332544,35.1638472560406,2237.210699999996,1944.292499999996,65.11729999999807,60.18670000000566,59.61130000000412,40.00340000000142,49.80735000000277,279.6513374999995,1
74,18,35.475332028210005,315.6342820417326,120.60265337047937,100.12991560967181,92.59049627256569,90.0499861188218,28.20949056496299,55.808622096035414,113.28610229030286,1488.0466999999917,784.8726999999926,115.01249999999709,84.11569999999483,72.05520000000251,71.99890000000596,36.00054999999702,82.66926111111064,1
103,12,94.6106493186606,603.1193911656298,285.72714256787015,249.56962956257317,237.71621736852538,99.03534722511958,63.00810128757094,142.66595847674532,151.75493564891434,954.7649999999994,172.15159999999742,160.0969000000041,147.08660000000964,115.01969999998983,71.19109999999637,60.502199999995355,79.56374999999996,1
31,9,151.93509989931366,100.65783625729296,94.2443632266673,52.49761899362675,52.172789842982326,34.058772731852805,34.058772731852805,43.94204358282999,7.828955175032373,466.270199999999,276.9976999999926,69.88960000000952,43.98880000000645,40.002800000002026,16.38190000000759,16.38190000000759,51.807799999999894,1
13,4,16.932579451923488,57.0087712549569,32.01562118716424,23.259406699226016,20.223748416156685,0.0,27.63751394319513,33.12688688937596,3.5315887378150936,285.86999999999534,129.67369999999937,67.19229999999516,62.00359999999637,27.000400000004447,0.0,64.59794999999576,71.46749999999884,1
61,10,21.70053673931747,427.57572428752314,336.34060117684277,291.0755915565577,220.02045359466015,103.9471019317037,82.34623606282673,148.25172027879788,50.600028378159294,980.0714000000007,376.0828000000038,203.42480000000796,143.02240000000165,88.35639999998966,40.10979999999108,40.09864999999991,98.00714000000008,1
10,5,11.309932474020227,61.0,11.704699910719626,10.198039027185569,10.198039027185569,5.0,10.198039027185569,19.620155593018154,2.8722640246421993,345.44460000000254,151.94620000000577,94.26459999999497,51.12589999999909,28.127800000002026,19.980100000000675,51.12589999999909,69.08892000000051,1
79,13,15.00390173689676,334.3067453701765,264.0170449043016,126.81088281373961,98.84331034521254,55.731499172371095,22.561028345356956,78.39578268088918,22.45576974306037,906.1039999999921,208.99149999998917,187.2456999999995,136.84819999999308,96.00659999999334,64.35980000000563,40.0054999999993,69.70030769230708,1
34,9,127.52121032072746,130.43005788544295,123.5677951571525,71.42128534267638,65.45991139621256,32.64965543462902,32.64965543462902,54.20135374744373,13.282850398547847,2056.4066999999923,931.3782999999967,755.2149999999965,77.36650000000373,66.70630000000529,56.020000000004075,56.020000000004075,228.48963333333248,1
50,7,23.78504218622918,168.34488409215172,165.7045563646335,123.5556554755791,81.83520025025906,61.71709649683789,81.83520025025906,90.58714144671885,43.722227251052125,521.7275000000081,174.00390000001062,65.14049999999406,63.83729999999923,60.008399999991525,55.871100000003935,60.008399999991525,74.53250000000116,1
46,9,30.844514707323214,261.9389241789009,209.3083849252103,64.03124237432849,34.132096331752024,25.612496949731394,25.612496949731394,70.34142110097838,51.560425228428365,490.70049999999173,105.53780000000552,93.0793999999878,62.0847999999969,56.99700000000303,44.001699999993434,44.001699999993434,54.52227777777686,1
63,11,68.82426058289542,1193.1705661807116,373.20905669610966,67.4166151627327,62.289646009589745,58.54912467321779,33.60059523282288,170.37297007159364,94.13851495207243,1076.6110999999946,405.0996000000014,188.4377000000095,100.00290000000678,92.26660000000265,71.00199999999313,68.0789999999979,97.87373636363587,1
107,31,168.4951846737412,493.94432884688536,235.2126697267815,130.5450113945378,111.19802156513397,85.70297544426332,17.26267650163207,50.66161101242927,33.2867040697159,5537.577499999999,2874.1215000000084,997.2535999999964,467.5604999999923,144.99929999999586,115.9951000000001,29.000299999999697,178.6315322580645,1
69,23,169.01134890350602,331.3034862478812,164.20109622045769,145.24806367039804,119.77478866606278,39.20459156782532,13.341664064126334,45.67818905878052,30.831935385560495,1701.2379999999976,356.5100000000093,273.2072999999946,208.03379999999015,148.99989999999525,112.39689999999246,44.09350000000268,73.96686956521728,1
52,14,22.971484989212804,399.58603579204316,382.83155564817275,238.40302011509837,56.302753041036986,39.6232255123179,22.51135777277262,89.75364727222704,95.42650574179102,619.6008000000002,104.55109999999695,85.00379999999132,60.020999999993364,52.012000000002445,43.98850000000675,36.03544999999576,44.25720000000001,1
69,18,90.0,658.8019429236681,154.5477272560163,31.38470965295043,26.248809496813376,24.413111231467404,11.610967233145622,57.845576446323335,37.17134850174628,792.795100000003,156.13379999999597,127.07200000000012,92.19440000000759,69.69219999999041,68.42339999999967,21.088650000005146,44.044172222222386,1
28,9,47.042835671775414,313.1022197302344,21.18962010041709,14.317821063276353,13.0,11.661903789690601,11.661903789690601,45.002010229785824,4.382908892024142,469.76710000001185,180.96630000000005,102.6938999999984,68.20739999999932,32.99619999999413,31.46710000000894,31.46710000000894,52.196344444445764,1
49,4,54.31717010431436,355.8440669731617,308.6632469213009,16.55294535724685,12.041594578792296,0.0,162.6080961392739,173.27546345762545,84.07716662722511,1275.8726999999926,571.8637999999919,468.0142999999953,124.01149999999325,111.9831000000122,0.0,296.01289999999426,318.96817499999815,1
53,14,34.05477157241999,138.6542462386205,97.082439194738,95.01578816175763,76.6550715869472,53.0,30.942911265440976,47.483249290914976,85.34025510108631,774.4229999999952,196.5558000000019,188.7326999999932,60.02459999998973,50.752699999997276,44.01610000000801,35.010250000006636,55.31592857142823,1
83,15,41.633539336570195,232.6972281742952,198.92712233378333,172.38619434281853,169.64963896218583,127.12985487288185,40.311288741492746,74.10846948958756,74.98743873956278,675.3442000000068,115.76399999999558,95.01080000000366,60.09679999999935,49.82270000000426,49.3920999999973,44.0002999999997,45.022946666667124,1
13,8,15.12400730831056,45.18849411078001,21.2602916254693,12.041594578792296,11.704699910719626,11.40175425099138,11.553227080855503,16.17716529707887,3.4815690612334493,519.1325999999972,182.3905999999988,80.16139999999723,79.94180000000051,59.148199999995995,44.047200000000885,51.59769999999844,64.89157499999965,1
52,15,39.28940686250036,503.7787212655969,153.37861650177967,99.08582138732059,77.41446893184762,24.186773244895647,14.142135623730951,66.40586958542018,26.889242125337976,587.9540000000125,95.04170000000158,89.0104999999894,73.1200000000099,72.48440000000119,55.015299999999115,28.002800000002026,39.196933333334165,1
54,10,24.775140568831922,227.27076362788065,188.35073665903195,123.43419299367578,83.35466393669883,54.56189146281496,50.759659495155276,77.88519544917298,43.472111281858886,797.1768000000011,347.16509999999835,143.11969999999565,64.06510000000708,48.1704000000027,48.10580000000482,46.05875000000378,79.71768000000012,1
46,11,41.63353933657021,240.74052421642685,146.32156368765337,58.034472514187634,54.57105459856901,47.01063709417264,21.18962010041709,57.36087985261758,47.70551999984579,783.5725999999995,187.5917999999947,124.2100999999966,104.16310000000522,92.29910000000382,75.12690000000293,51.31380000000354,71.23387272727268,1
101,20,39.351752626264734,405.2776825831889,339.69692374232653,278.28941769316344,82.02438661763951,63.13477647065839,29.74163160232127,76.79679230490618,138.75601448324306,4405.595499999996,3228.699099999998,225.64240000001155,219.4220000000205,113.0002000000095,74.44550000000163,41.8322499999922,220.2797749999998,1
32,10,26.45204189657734,179.8054504179448,85.70880934886448,75.0,44.04543109109048,33.734255586866,27.96892944902026,47.56866151368139,18.729248379528514,777.6075999999885,231.42439999998896,121.26799999998184,95.33079999999609,88.25089999998454,53.01149999999325,48.720900000000256,77.76075999999884,1
27,9,34.38034472384487,133.09019498069722,67.0,47.80167361086848,22.561028345356956,21.2602916254693,21.2602916254693,36.34939849787391,23.87956520466057,452.7390000000014,92.00849999999627,79.59769999998389,68.34899999998743,61.45530000000144,56.14560000001802,56.14560000001802,50.30433333333349,1
90,37,71.56505117707799,190.07893097342483,175.4223474931287,121.63058825805291,112.0044641967453,99.92497185388645,11.40175425099138,37.78436621265625,224.3320942057028,1475.1645999999892,273.50679999997374,198.62350000001607,90.24700000000303,75.85490000000573,70.98200000001816,23.998600000020815,39.86931351351322,1
95,18,29.05460409907715,572.0707998141489,285.00175438056516,218.97945109073592,145.3994497926316,57.0087712549569,24.09479291699993,85.85071626230079,102.78321233916517,1056.9796999999962,165.12080000000424,164.6347999999998,140.34580000001006,80.76550000000861,76.15739999999641,40.12475000000268,58.72109444444423,1
2,1,0.0,13.0,0.0,0.0,0.0,0.0,13.0,13.0,0.0,218.54819999999017,218.54819999999017,0.0,0.0,0.0,0.0,218.54819999999017,218.54819999999017,1
51,7,73.6389225446537,686.610515503513,89.73850901368932,25.059928172283335,21.095023109728988,13.45362404707371,21.095023109728988,121.68956413916432,17.121274551576533,770.8650999999954,297.6006000000052,155.15140000000247,130.71199999999953,80.09789999999339,40.0963000000047,80.09789999999339,110.12358571428506,1
13,6,71.56505117707799,71.0,31.953090617340916,12.649110640673518,10.198039027185569,5.385164807134504,11.423574833929543,22.53090084872242,8.70054092737458,1743.713699999993,1447.3606999999902,99.12230000001728,97.19800000000396,56.00649999998859,23.00539999999455,76.60224999999627,290.61894999999885,1
51,9,23.514556682936576,294.15642097360376,290.6613149354417,109.7679370308106,29.410882339705484,23.323807579381203,23.323807579381203,89.29395827990793,17.341978487122244,537.526600000012,127.00520000001416,113.2331000000122,68.99880000000121,67.99929999999586,64.21230000001378,64.21230000001378,59.72517777777911,1
65,15,91.90915243299638,808.3872834229891,93.62157870918435,38.07886552931954,24.166091947189145,22.20360331117452,11.661903789690601,72.80163775459488,33.406006721839034,864.3484999999928,180.08479999998235,130.66090000001714,109.46869999999763,87.44250000000466,53.43029999997816,39.99989999999525,57.623233333332855,1
56,15,30.37912601136833,182.14829123546562,133.46160496562297,128.94960255851896,75.69015788066504,59.21148537234985,41.340053217188775,53.418719353289084,56.79245199238524,678.969299999997,124.28659999999218,83.62760000000708,68.41890000001877,68.03500000000349,56.12959999998566,35.99319999999716,45.2646199999998,1
29,11,60.94539590092286,127.91012469699183,95.0789145920377,38.01315561749642,33.0,11.0,10.816653826391969,31.86336918888479,31.513157947436042,1042.215599999996,385.4984000000113,155.85800000000745,100.73149999999441,84.20219999999972,80.3910999999789,62.37210000000778,94.74687272727236,1
41,7,15.068488159492201,181.13530854032848,171.67702234137218,80.0,50.32891812864648,24.08318915758459,50.32891812864648,76.6165917367608,17.329479994074713,617.5020000000077,184.5062999999791,127.98910000000615,95.99970000001485,73.00690000000759,48.02019999999902,73.00690000000759,88.21457142857253,1
57,12,178.8655783690226,281.47646438023907,259.12352266824405,101.01980003939822,25.238858928247925,23.345235059857504,23.096277188724613,66.2008349780911,73.07922251561602,980.3004000000074,385.21450000000186,152.35949999999139,100.02019999999902,75.6636999999755,63.336200000019744,40.48170000000391,81.69170000000061,1
56,12,43.02239386060988,366.61696632861936,204.46271053666484,43.657759905886145,35.11409973215888,34.058772731852805,27.669714383272723,65.03111783896412,55.88809843835523,1333.0108999999939,537.5090999999957,327.01439999998547,112.00450000001001,73.21780000001309,56.04780000000028,51.55504999999539,111.08424166666616,1
3,2,26.56505117707799,25.0,4.47213595499958,0.0,0.0,0.0,14.73606797749979,14.73606797749979,1.3416407864998736,451.5646999999881,279.4271000000008,172.1375999999873,0.0,0.0,0.0,225.78234999999404,225.78234999999404,1
27,11,47.56871056752201,97.16480844420988,46.09772228646444,46.010868281309364,31.32091952673165,23.40939982143925,20.12461179749811,28.97320897255169,5.400648288456496,1250.4425000000047,719.4929999999877,271.64019999999437,79.59890000001178,67.59930000000168,39.563200000004144,20.957300000009127,113.67659090909133,1
18,8,47.48955292199916,78.81624198095213,70.32780389006896,40.311288741492746,23.259406699226016,13.601470508735444,18.43043860398073,31.276803266317653,9.692245570846694,3557.0795999999973,3093.6406000000134,265.10879999998724,91.1705999999831,40.00099999998929,32.15740000002552,36.079200000007404,444.63494999999966,1
66,11,33.690067525979785,464.1723817721171,381.47345910298924,175.30829986055994,118.84864324004712,21.02379604162864,12.083045973594572,110.90376108257674,106.7161727518583,629.5351000000082,112.11050000000978,107.99880000000121,105.00069999997504,68.00070000000414,61.27929999999469,53.511599999998,57.230463636364384,1
64,14,29.98163936884934,476.8196724129574,228.06358762415363,64.77653896280658,46.8187996428785,45.70557952810576,11.855151986820308,69.88882050377414,41.28563717770423,1121.7027999999991,393.21140000000014,139.090200000006,96.29320000001462,95.40189999999711,87.99719999998342,54.546899999986636,80.1216285714285,1
3,1,0.0,15.297058540778355,0.0,0.0,0.0,0.0,15.297058540778355,15.297058540778355,0.0,427.34350000001723,427.34350000001723,0.0,0.0,0.0,0.0,427.34350000001723,427.34350000001723,1
89,16,74.74488129694222,573.0828910375881,304.1200420886463,278.8207309365643,31.78049716414141,25.238858928247925,12.520797289396148,84.88663952207006,105.06783229526859,1311.486499999999,271.00800000000163,268.1221000000078,128.09890000001178,115.2551000000094,113.00370000000112,50.00604999999632,81.96790624999994,1
11,4,16.097642963798187,43.01162633521314,33.015148038438355,29.068883707497267,10.816653826391969,0.0,31.04201587296781,28.97807797688518,10.753462356967727,477.6012000000046,238.12390000000596,96.36539999998058,96.11710000000312,46.99480000001495,0.0,96.24124999999185,119.40030000000115,1
52,8,79.90894276111109,742.153622911052,95.60334722173695,45.0111097397076,28.0178514522438,23.021728866442675,25.519790159343238,122.08106291959504,14.68970892974896,867.5553999999829,189.23179999997956,155.12570000000414,151.05520000000251,124.11740000001737,123.0005999999994,123.55900000000838,108.44442499999786,1
18,6,21.801409486351794,135.20355024924456,34.0147027033899,11.40175425099138,10.770329614269007,10.63014581273465,11.086041932630193,34.003413771771584,6.519479233669916,368.54629999998724,137.0001999999804,84.19459999998799,60.248600000020815,35.100800000014715,28.000299999985145,47.674700000017765,61.42438333333121,1
17,5,56.309932474020215,99.6393496566492,59.16924876994806,22.825424421026653,11.313708498984761,5.0990195135927845,22.825424421026653,39.609350172040294,2.6325702044758175,458.20980000001146,158.21059999999125,147.99809999999707,80.00140000000829,40.00030000001425,31.999400000000605,80.00140000000829,91.64196000000229,1
118,27,170.89266568774562,342.28642976314444,211.02606474082768,182.56231812726304,126.53062870309307,117.2092146548214,22.20360331117452,57.33353385746756,77.09906008411603,3191.6002000000153,1930.913900000014,184.0693999999785,104.00010000000475,89.0,87.99840000001132,34.998300000006566,118.20741481481538,1
85,13,60.94539590092286,874.2230836577127,217.4488445588985,146.37281168304446,96.79876032264049,60.166435825965294,24.839484696748443,119.24986796480296,85.86041317230693,940.8262000000104,260.8350999999966,164.08720000000903,132.0963000000047,75.99680000002263,68.02049999998417,52.08750000002328,72.37124615384695,1
90,28,117.01266534793854,686.2215385719105,71.78439941937245,66.73080248281148,50.566787519082126,43.73785545725808,24.36136910904147,49.68820798949916,162.87681545038927,1559.8493000000017,548.6895999999833,211.6941999999981,140.0002000000095,72.4155000000028,55.988800000021,27.808300000004238,55.70890357142863,1
92,22,88.09084756700362,574.1811560822943,139.08630414242805,63.90618123468183,47.29693436154187,47.07440918375928,24.1453130157025,58.43474770283057,123.41372436308164,1490.7257999999856,428.65770000001066,184.44940000001225,151.02859999999055,144.20310000001336,86.37879999997676,32.75089999998454,67.76026363636298,1
72,12,66.09794958898915,542.4923962600766,246.5866987491418,245.3935614477283,88.32326986700618,82.37718130647589,61.07868064307817,117.92898812669863,71.96377850160442,3473.970499999996,2865.3960999999836,153.12410000001546,89.09760000000824,72.17720000000554,60.00299999999697,54.77634999998554,289.49754166666634,1
31,8,18.19294063378547,171.572142260916,72.56721022610694,49.73932046178355,44.64302857109943,20.615528128088304,32.62927834959387,49.109526077345606,47.54309832011672,1921.2423000000126,1411.6970999999903,173.29800000000978,136.50380000000587,107.74530000000959,35.999800000019604,71.8725500000146,240.15528750000158,1
4,2,7.495857639729885,38.3275357934736,4.0,0.0,0.0,0.0,21.1637678967368,21.1637678967368,0.386162106631367,300.6167000000132,233.61740000001737,66.99929999999586,0.0,0.0,0.0,150.3083500000066,150.3083500000066,1
33,11,175.03025927188963,102.0,59.033888572581766,55.57877292636101,51.35172830587107,37.48332962798263,23.08679276123039,34.64360818708176,29.825703579740555,1323.007100000017,553.0355999999738,226.22870000000694,148.30799999999,125.19020000001183,79.99930000002496,68.04839999999967,120.27337272727428,1
28,8,81.39494351171544,87.29833904490967,62.96824596572466,56.00892785976178,41.97618372363071,34.0,37.988091861815356,38.83243251305416,31.92829270728873,1827.4755000000005,936.5405000000028,204.32419999997364,183.2155999999959,183.0059000000183,141.00399999998626,162.00495000000228,228.43443750000006,1
41,11,163.64133023383633,209.4803093371785,96.0260381354974,70.83078426785913,43.382023926967726,28.792360097775937,22.67156809750927,48.29597314724211,87.30093297683233,4011.1442000000097,3643.8881999999867,132.07000000000698,49.09429999999702,40.00030000001425,35.001799999998184,32.0,364.64947272727363,1
38,16,33.15925904603366,206.73654732533385,45.880278987817846,36.89173349139343,33.83784863137726,26.570660511172846,16.61187420807834,31.29040913395337,56.289562773703636,1991.4972999999882,1146.8270000000193,273.12839999998687,96.01490000000922,80.99400000000605,62.99569999999949,50.00749999999243,124.46858124999926,1
25,8,74.74488129694222,77.87810988975015,77.78174593052023,56.08029957123981,52.0,15.0,33.5,39.304544421183884,64.09187262128381,2207.7681999999913,1809.9297999999835,156.02999999999884,68.0114000000176,60.49309999999241,47.99779999998282,54.24544999998761,275.9710249999989,1
53,16,69.69155816347806,304.48152653322006,121.27654348636426,57.38466694161429,39.824615503479755,39.66106403010388,23.63156035259619,48.40644129499481,35.135533127907316,1186.3386000000173,668.2341999999771,122.10700000001816,76.00070000000414,36.00220000001718,36.000299999985145,29.999299999995856,74.14616250000108,1
20,1,0.0,245.81497106563708,0.0,0.0,0.0,0.0,245.81497106563708,245.81497106563708,1.6079702394903947,343.0219999999972,343.0219999999972,0.0,0.0,0.0,0.0,343.0219999999972,343.0219999999972,1
44,10,33.504152669730885,242.8373941550189,194.42736432920137,146.47866738880444,50.91168824543142,50.32891812864648,40.97584736516514,78.14761005697541,23.38198978127502,901.965200000006,595.4544999999925,84.24639999997453,59.09010000000126,44.08030000000144,38.99560000002384,37.997950000019046,90.1965200000006,1
47,12,60.10109816138543,190.14205216100936,94.42986815621421,66.37017402418047,57.0087712549569,46.14108798023731,39.80625597498069,50.94372145002536,48.260055339496255,661.1399999999849,165.2320999999938,135.1185000000114,72.08710000000428,65.086100000015,51.998400000011316,38.00179999998363,55.09499999999874,1
70,12,100.98865109649398,334.33665668005955,232.1551205552012,202.07424378183381,49.33558553417604,22.67156809750927,13.189097732074167,76.64208380903987,56.18567427730249,768.6885000000184,209.01290000000154,195.23790000000736,92.09720000001835,63.11939999999595,60.00389999998151,42.49649999999383,64.05737500000153,1
52,11,46.8476102659946,543.2982606267021,47.07440918375928,46.69047011971501,46.52956049652737,38.01315561749642,21.37755832643195,72.17650468837236,71.88359785331055,978.600299999991,305.99909999998636,268.9968999999983,127.60389999998733,52.01030000002356,51.999500000005355,48.998099999997066,88.96366363636281,1
6,2,8.11920340440863,28.160255680657446,26.40075756488817,0.0,0.0,0.0,27.28050662277281,27.28050662277281,1.1796210151422764,485.67719999997644,400.6538999999757,85.02330000000075,0.0,0.0,0.0,242.83859999998822,242.83859999998822,1
42,12,15.21813513108615,123.01625908797584,91.0823802938856,90.21086409075129,72.02777242147643,33.95585369269929,17.29351657246145,41.21369019520123,27.552376216439793,576.0054999999993,123.7448999999906,100.0,81.01529999999912,71.00500000000466,41.01149999999325,34.585699999995995,48.00045833333328,1
44,10,14.586224549517224,133.37541002748594,120.20815280171308,104.92378186092989,86.6083136886985,40.162171256046406,38.90261585274192,59.03095660611408,63.172939020674995,739.2502000000095,434.15970000001835,83.98939999999129,72.9945000000007,48.61579999999958,39.998500000016065,31.999400000000605,73.92502000000096,1
2,2,29.05460409907715,10.295630140987,4.0,0.0,0.0,0.0,7.1478150704935,7.1478150704935,1.4359163172354763,381.4896000000008,269.2103000000061,112.27929999999469,0.0,0.0,0.0,190.7448000000004,190.7448000000004,1
58,14,131.72951207681646,250.28184113115358,141.4213562373095,103.01941564578979,54.589376255824725,49.57822102496216,17.6162034557026,52.17748288199861,149.65945660077313,1231.337200000009,372.0144999999902,301.76070000001346,230.92720000000554,98.43040000001201,43.9941000000108,32.51284999999916,87.95265714285779,1
66,10,22.277804656681894,616.883295283638,137.6735268670052,83.6719785830358,65.0,61.741396161732524,47.87804943256121,106.36854293142824,38.868219234182284,832.4698999999964,344.8506000000052,166.7882999999856,99.59889999998268,64.238400000002,48.01819999999134,42.509149999998044,83.24698999999964,1
83,22,125.9294221277814,142.0211251891774,122.10241602851272,116.27553482998907,107.5174404457249,90.4267659490264,21.08914671344845,45.62648224672514,178.70210374204183,1616.577099999995,292.0728999999992,208.14710000000196,172.01010000001406,124.33930000002147,100.13509999998496,46.00419999999576,73.48077727272704,1
55,9,81.41637851988605,551.0027223163239,82.37718130647589,78.0,74.33034373659252,45.12205669071391,45.12205669071391,97.77394915175238,38.93611644150339,755.3439999999828,223.58069999999134,115.81659999999101,108.94159999999101,83.9989999999816,71.00109999999404,71.00109999999404,83.9271111111092,1
53,21,109.75947073521321,180.0444389588304,106.36728820459794,80.05623023850174,76.21679604916491,62.64982043070834,10.816653826391969,36.55383372661361,81.14970200955426,1803.0443000000087,368.95509999999194,264.1124000000127,247.12229999998817,168.22340000001714,127.98019999999087,50.98159999999916,85.8592523809528,1
39,14,60.71857293894097,133.6600164596728,77.0,44.01136216933077,42.15447781671598,38.600518131237564,22.89318392645739,33.28247917536102,78.61734784933127,1085.7419999999984,364.4057999999786,221.42089999999735,116.25090000001364,92.30409999997937,81.19430000000284,32.0884500000102,77.55299999999988,1
63,9,44.24615166692924,657.0996880230579,174.91712323268982,51.78802950489621,20.591260281974,12.649110640673518,12.649110640673518,106.4922512128606,78.23533715672251,834.3368999999948,215.9725000000035,212.58150000000023,112.02760000000126,92.9890000000014,80.75920000000042,80.75920000000042,92.70409999999941,1
28,10,37.8749836510982,212.19095173922943,33.83784863137726,24.515301344262525,22.0,20.223748416156685,15.812751333574031,35.44424982534954,4.440155833170964,1013.8306999999913,329.3387999999977,233.46869999999763,119.57519999999204,119.3012999999919,54.736899999988964,51.86865000000398,101.38306999999914,1
68,7,11.101887711112571,496.14514005480294,250.19992006393608,86.97700845625813,85.21150157109074,21.587033144922902,85.21150157109074,138.202523118827,7.951314118351666,856.2388999999966,245.47239999999874,235.82620000001043,179.93969999998808,134.7723999999871,36.21400000000722,134.7723999999871,122.31984285714238,1
20,6,34.5085229876684,96.04686356149273,57.0350769263968,47.38143096192854,10.816653826391969,10.770329614269007,29.099042394160254,37.71549926293306,7.438580652982545,622.379099999991,188.858899999992,150.99689999999828,101.24179999998887,79.062900000019,55.19550000000163,90.15235000000393,103.7298499999985,1
55,13,24.71744091108339,352.00142045167945,168.58232410309213,65.5133574166368,37.12142238654117,31.016124838541646,21.633307652783937,58.94486945837819,43.52582028344226,908.7577000000165,309.1620000000112,203.35590000002412,89.33730000001378,68.10619999998016,48.29780000000028,43.01889999999548,69.90443846153973,1
107,15,17.744671625056945,396.01136347332255,265.0075470623431,223.00896842952304,179.20100446147057,78.84795495128583,14.866068747318506,88.9851400656978,50.70967573124497,1090.5782999999938,268.41559999997844,212.25750000000698,128.27999999999884,102.2445000000007,83.72079999998095,46.99120000001858,72.70521999999958,1
4,2,15.945395900922858,23.021728866442675,6.324555320336759,0.0,0.0,0.0,14.673142093389718,14.673142093389718,0.9718253158075502,754.0757000000158,460.99869999999646,293.0770000000193,0.0,0.0,0.0,377.0378500000079,377.0378500000079,1
38,12,20.55604521958346,124.77980605851253,85.5102333057278,37.20215047547655,36.87817782917155,36.76955262170047,34.48053462156115,38.55375381846245,81.18410171344526,716.2744999999995,237.02250000002095,164.18249999999534,80.99419999998645,61.00359999999637,29.979900000005728,23.998749999998836,59.68954166666663,1
68,20,125.92294619907057,273.77545543748073,126.50691680694776,122.4499897917513,94.51454914456292,46.238512086787566,13.468123061223721,45.06758981119325,22.901827034024148,1591.5462999999872,460.42009999998845,221.00219999998808,119.99160000000848,88.20180000000983,63.999400000000605,53.49165000001085,79.57731499999936,1
6,3,63.43494882292201,44.0,6.324555320336759,4.47213595499958,0.0,0.0,6.324555320336759,18.265563758445445,1.757569655772001,857.7741000000096,448.2948000000033,216.97510000001057,192.50419999999576,0.0,0.0,216.97510000001057,285.9247000000032,1
27,4,171.869897645844,252.0,45.0,35.35533905932738,5.0990195135927845,0.0,40.17766952966369,84.36358964323004,2.373570732432442,647.1137999999919,243.9936999999918,191.13310000000638,163.85899999999674,48.12799999999697,0.0,177.49605000000156,161.77844999999797,1
84,19,86.18592516570965,721.2489168102785,250.60127693210185,101.83319694480774,101.82828683622247,89.0,25.709920264364882,81.52661564315464,45.75903654874577,1535.1107000000193,347.67880000002333,317.72179999999935,247.5895999999775,123.36350000000675,83.99749999999767,36.02129999999306,80.79530000000102,1
80,13,16.8374726256764,832.6493859962908,182.53766734567415,110.9414259868693,72.00694410957877,69.12307863514182,51.85556864985669,117.25617689286729,19.790248786019212,4797.301399999997,4196.524799999985,132.1475999999966,116.02449999999953,96.02559999999357,44.102799999993294,32.000199999980396,369.02318461538437,1
21,9,131.18592516570965,95.02105029939419,38.3275357934736,37.48332962798263,13.601470508735444,13.0,13.0,26.689024771467714,8.388942664689635,1581.4475000000093,531.2581000000064,328.41540000002715,176.0964999999851,152.58520000000135,152.2393999999913,152.2393999999913,175.71638888888992,1
32,10,41.435464186015075,225.43513479491168,56.0357029044876,48.373546489791295,34.828149534535996,13.152946437965905,12.576473218982953,43.37212827991676,44.44290463797394,1515.1117999999842,939.9853000000003,170.67329999999492,127.8926999999967,123.98910000000615,49.00990000000456,48.51515000000654,151.51117999999843,1
54,18,138.81407483429035,167.5022387910084,163.36768346279504,53.46026561849464,46.61544808322666,43.86342439892262,11.5,37.11454673777948,38.40269952144308,3147.838300000003,1872.5254999999888,199.28200000000652,167.84700000000885,132.00520000001416,120.17319999999017,74.45394999999553,174.87990555555572,1
100,17,67.59016262850673,788.2956298242431,191.0026177831079,123.4908903522847,106.40018796975878,102.07840124139877,50.44799302251776,99.78618439293807,113.58030703358706,898.0240999999805,192.20350000000326,128.99820000000182,72.00149999998393,63.5112000000081,54.0848999999871,39.99620000002324,52.82494705882238,1
65,16,64.04662429763583,230.3388807822075,197.25364381932212,187.17104476921637,70.21395872616783,54.589376255824725,12.467238838545779,55.566737118541084,94.9859408019803,1001.327500000014,237.42790000000969,170.79469999999856,132.86230000000796,92.01039999999921,88.13860000000568,27.99859999999171,62.58296875000087,1
70,17,121.10532717816733,256.78395588509807,157.8005069700348,118.06777714516353,109.88175462741756,100.22474744293447,23.259406699226016,57.264703196210974,77.73669582994054,959.3413,267.44089999998687,127.03650000001653,79.02369999999064,52.185599999997066,51.99989999999525,40.59429999999702,56.43184117647059,1
67,24,23.838740183171726,185.52627846210896,98.67117106835208,81.02468759581859,74.09453421137081,40.311288741492746,21.31912183681677,34.89433867727889,35.24888088188815,1092.8022999999812,283.80730000001495,95.31729999999516,79.16260000001057,70.00049999999464,59.99530000000959,30.555549999990035,45.53342916666588,1
25,8,13.458263151874453,58.249463516842795,52.630789467763066,52.009614495783374,49.76946855251722,29.206163733020468,39.48781614276884,35.83787675249013,28.23431544005362,421.3381999999983,139.59699999997974,64.25419999999576,55.90720000001602,48.22019999998156,36.16120000000228,42.19069999999192,52.66727499999979,1
69,21,144.00850374202517,154.00324671902212,138.07968713753664,105.30906893520614,100.17983829094555,49.39635614091387,24.758836806279895,42.920453036194374,130.28294259702724,1978.3733000000066,995.6823999999906,149.60570000001462,120.8976000000257,108.0,107.77540000001318,32.12390000000596,94.2082523809527,1
41,8,60.94539590092286,482.4572519923397,94.59386872308374,35.11409973215888,34.23448553724738,10.816653826391969,22.525569681819675,85.0352899458097,10.98249996214923,703.0229999999865,240.58799999998882,149.44149999998626,111.53150000001187,50.818499999993946,49.10499999998137,49.96174999998766,87.87787499999831,1
8,4,23.838740183171726,31.25699921617557,21.02379604162864,20.12461179749811,10.0,0.0,20.574203919563374,20.60135176382558,5.060786497683916,429.9634000000078,242.99660000001313,131.9653999999864,35.00099999998929,20.000400000019,0.0,83.48319999998785,107.49085000000196,1
68,17,56.89655818153077,293.01535795927146,135.5912976558599,124.31009613060397,90.95603333479313,86.70063436907483,14.142135623730951,54.84927502983757,64.02410396716394,1857.012400000007,540.0995999999577,340.5893999999971,214.63959999999497,209.57500000001164,177.4375,31.996299999998882,109.23602352941217,1
144,34,162.7136848329435,588.2329470541412,399.32067314377804,176.40861656959956,98.11218069128827,82.34682750416071,23.301329452849785,63.1992493843522,395.3812549968064,2854.049500000023,595.7799000000232,584.2224000000278,424.3278000000282,112.07719999999972,107.60779999999795,31.75075000000652,83.94263235294184,1
62,22,168.6900675259798,136.01470508735443,103.60019305001319,69.52697318307479,64.03124237432849,51.97114584074513,21.935557679610184,33.28642276314089,58.297181264752936,4527.814300000027,1607.2386000000406,1369.1726999999955,260.0987999999779,161.0,158.99720000004163,50.50309999997262,205.80974090909214,1
88,26,101.30993247402021,344.8941866717965,154.14927829866735,96.54014708917737,90.69729874698585,49.193495504995376,12.467238838545779,42.969550148519446,107.52992925103274,1392.4835999999777,196.52610000001732,195.00089999998454,124.1186999999918,90.08399999997346,72.00010000000475,39.287799999990966,53.55706153846068,1
24,8,13.719971313983796,67.60177512462228,56.0,44.721359549995796,40.162171256046406,36.235341863986875,38.19875656001664,36.31059820254554,22.26197002330236,504.03980000002775,204.99869999999646,79.00030000001425,48.04420000000391,43.99949999997625,43.99920000002021,43.99934999999823,63.00497500000347,1
81,16,30.784146526326445,293.58644382872995,178.88543819998318,101.0,87.66413177577246,78.60025445251433,47.88916635967686,71.9323953040305,140.72730107328857,858.4330000000191,163.11759999999776,158.1816000000108,88.9997999999905,80.99790000001667,59.97279999998864,32.49814999999944,53.65206250000119,1
106,19,41.53792694386492,390.3600901731631,301.09965127844305,228.65038814749474,188.30294740125552,87.66413177577246,23.769728648009426,80.92800285266303,172.9183276868527,931.4228999999468,124.05290000000969,95.9989999999525,88.00010000000475,72.10759999998845,68.99859999999171,43.99890000000596,49.02225789473405,1
52,13,143.60011814975877,146.74126890551273,115.10864433221339,79.05694150420949,67.97793759742936,67.89698078707183,59.64059020499378,53.77449103475896,123.70339753835735,972.225999999966,448.1828000000096,155.04300000000512,100.0,61.00119999999879,52.0,28.00209999998333,74.78661538461277,1
58,12,178.6721898882531,354.0014124265608,302.08111493438315,69.1158447825099,22.20360331117452,22.0,14.14284619419373,70.63313699570055,17.025566570206422,759.5611999999965,184.27000000001863,133.21020000003045,124.99710000003688,114.0740999999689,74.01339999999618,31.500100000033854,63.29676666666637,1
107,15,78.69006752597979,501.9581655875318,373.3537196814838,302.64335446198055,72.09022125087424,49.33558553417604,22.090722034374522,99.46609530031886,20.5326580643939,788.209199999983,172.00050000002375,131.99969999998575,91.23950000002515,84.00239999999758,76.96679999999469,27.99949999997625,52.547279999998864,1
9,7,30.591365808644916,24.698178070456937,22.135943621178654,17.69180601295413,12.083045973594572,10.44030650891055,12.083045973594572,14.178188459182918,9.69579603040405,462.0014000000083,89.00079999997979,87.00219999998808,74.00070000003325,73.00010000000475,71.99749999999767,73.00010000000475,66.00020000000119,1
91,18,167.4346516200927,320.2061835755206,289.6963927977012,136.56500283747664,83.6301381082203,68.96375859826666,40.919888653501225,70.35637885336472,34.73425567500933,1864.2146000000066,863.1008000000147,271.0837000000174,200.00010000000475,163.99849999998696,75.00160000001779,30.512699999992037,103.56747777777815,1
73,18,19.759470735213192,482.8457310570323,110.3177229641729,92.0,83.54639429682169,54.08326913195984,41.45532030096889,64.92102402796783,33.162026698123114,1844.6347999999998,1259.401899999997,95.98740000004182,69.1184999999823,68.00019999995129,64.99340000003576,27.568699999974342,102.4797111111111,1
87,17,149.89683814413704,391.3936637197899,238.0273093575609,217.5890622251036,125.03599481749245,35.014282800023196,21.02379604162864,71.44206733932097,250.27342915754835,2378.592400000023,1064.3267999999807,392.9892000000109,228.98540000000503,118.09850000002189,115.92009999998845,50.01850000000559,139.91720000000137,1
67,15,25.201123645475064,803.2714360662901,376.61651583540515,143.01398533010678,95.90099061010788,42.01190307520001,25.45584412271571,108.12296498960998,62.10051935450282,962.6648000000278,240.07910000003176,131.9035000000149,112.31369999999879,87.58069999999134,50.989800000039395,47.994499999971595,64.17765333333519,1
74,5,12.652556500557967,992.9899294554805,157.64834283937145,74.06078584514209,10.198039027185569,9.848857801796104,74.06078584514209,248.94919099379518,27.23268327815917,672.0963999999803,423.8640000000014,93.15120000002207,86.95269999996526,56.13939999998547,11.989100000006147,86.95269999996526,134.41927999999606,1
101,25,87.58049078334366,174.0,142.87407042567241,136.97079980784227,120.30378215168466,115.0,22.47220505424423,53.375937603307314,292.1548552382323,3410.2493999999715,1200.6774999999907,496.84130000002915,304.02700000000186,259.2493999999715,130.5344000000041,63.99880000000121,136.40997599999886,1
17,6,56.30993247402022,91.30169768410661,57.0350769263968,15.231546211727817,14.422205101855956,12.649110640673518,14.826875656791888,32.27327276079345,11.211739034725309,474.2104999999865,322.820400000026,67.11269999999786,35.99599999998463,21.002700000011828,15.288399999961257,28.49934999999823,79.03508333333109,1
38,8,35.087248553276154,369.0,58.0,24.351591323771842,22.80350850198276,20.591260281974,21.69738439197838,64.90500365948765,22.669123155381193,676.9187000000384,200.01510000001872,164.99139999999898,128.0266999999876,61.349800000025425,44.01949999999488,52.68465000001015,84.6148375000048,1
23,9,138.81407483429035,91.19758768739445,53.46026561849464,49.8196748283246,23.0,13.152946437965905,13.152946437965905,30.141825442048912,5.394365174163829,702.6489999999758,220.00910000002477,134.99259999999776,99.10869999998249,87.00030000001425,72.5515000000014,72.5515000000014,78.07211111110843,1
66,8,53.27900510286574,944.9455010740037,305.8954069612684,32.69556544854363,20.0,11.40175425099138,15.70087712549569,168.04873220086495,34.65203568367285,1662.553899999999,804.1045000000158,302.72080000001006,148.99930000002496,127.00290000002133,107.14899999997579,117.07594999999856,207.81923749999987,1
69,21,112.75097634278764,770.6672433677196,97.30878685915265,64.03124237432849,54.67174773134658,35.4682957019364,12.649110640673518,59.895676373184024,102.66229556564686,1101.2885000000242,416.28000000002794,135.99300000001676,64.02509999996983,59.99629999999888,56.00820000004023,28.008099999977276,52.44230952381068,1
82,20,128.06379470359394,623.2118419927529,174.95713760804387,172.28464818433474,110.16351483136329,60.530983801686226,23.482277828747915,72.21002927823399,55.37149860442952,1199.8619999999646,312.31529999995837,151.1716000000015,120.89449999999488,95.99969999998575,92.34539999999106,32.568050000001676,59.99309999999823,1
84,23,31.544157021076305,264.37851652507624,127.58134659894448,77.87810988975015,77.05841939723393,65.7419196555744,42.42640687119285,50.65586925354884,77.80003342497552,1338.4729999999981,539.61599999998,99.44439999997849,84.21970000001602,72.00359999999637,70.21919999999227,28.007400000002235,58.19447826086948,1
5,4,26.565051177077976,20.615528128088304,11.180339887498949,11.0,4.47213595499958,0.0,11.090169943749475,11.817000992646708,4.140357220132175,679.249599999981,284.084899999958,245.00990000000456,102.16210000001593,47.992700000002515,0.0,173.58600000001024,169.81239999999525,1
10,4,27.752651426498275,44.01136216933077,26.68332812825267,20.591260281974,18.027756377319946,0.0,23.637294205113335,27.328426739219346,6.5886020075718115,448.3967999999877,237.87719999998808,163.51480000000447,26.99780000001192,20.006999999983236,0.0,95.2563000000082,112.09919999999693,1
37,9,16.009656826762388,226.73773395709856,93.40770846134703,70.80254232723568,44.9221548904324,28.635642126552707,28.635642126552707,59.516626770181425,33.24372531988192,487.41869999998016,127.99949999997625,104.7715999999782,56.49869999999646,49.02689999999711,47.00209999998333,47.00209999998333,54.15763333333113,1
45,15,23.07041224982466,83.86298349093002,65.94694837519019,62.96824596572466,50.59644256269407,44.77722635447622,35.4682957019364,36.1841292104505,93.58236836830692,1555.7451,947.5601000000024,88.02620000002207,72.00229999999283,62.99690000002738,57.00089999998454,51.53619999997318,103.71634,1
55,20,35.696123237088685,146.98639392814562,81.21576201698781,62.93647591023825,39.66106403010388,38.01315561749642,22.57188657587675,32.32904866015738,116.81075591540069,2112.6709000000264,1373.359199999948,93.00219999998808,79.11210000002757,64.00229999999283,58.99810000002617,31.997600000031525,105.63354500000132,1
18,7,143.8067926944353,62.289646009589745,55.08175741568164,27.65863337187866,21.587033144922902,21.095023109728988,21.587033144922902,30.202227345754977,44.22028703696341,2436.5121999999974,1788.8385000000126,289.14180000004126,131.0109999999986,84.0056999999797,49.136599999968894,84.0056999999797,348.0731714285711,1
24,6,179.41536947929453,196.01020381602586,42.01190307520001,20.396078054371138,11.0,10.198039027185569,15.698039027185569,47.500231463319516,3.8143295977860077,792.9214999999967,324.06279999995604,264.4340000000084,62.59600000001956,60.52860000001965,60.29909999994561,61.562300000019604,132.1535833333328,1
31,16,109.31185656435267,109.88175462741756,60.53924347066124,38.28837943815329,20.09975124224178,14.866068747318506,12.205455727822638,22.76153015477349,70.46131572064678,955.4635000000126,329.00009999994654,94.99540000001434,84.00010000000475,81.1923999999999,75.0051000000094,25.501650000020163,59.716468750000786,1
63,15,27.89727103094763,292.6465444866896,136.03308421115798,117.38824472663352,79.62411694957753,35.22782990761707,20.8806130178211,53.58178280857409,33.404449705936884,2113.524700000009,904.4809000000241,416.7982999999658,126.12380000000121,123.21879999997327,91.00740000000224,68.01030000002356,140.90164666666726,1
60,13,19.829039962958635,265.31867631209076,215.19526017085042,214.55535416297585,66.57326790837296,65.19202405202648,51.62363799656123,80.34641728836937,72.71623603703259,826.7884000000195,155.0163000000175,120.0002000000095,80.02740000002086,67.99910000001546,64.07260000001406,56.09939999994822,63.59910769230919,1
81,15,66.00545565251421,541.6871790987858,123.06502346320826,110.86027241532469,78.02563681252464,60.0,26.92582403567252,75.80133039410093,183.43062809594207,1421.6563000000315,440.9985999999917,374.906799999997,188.5740999999689,88.01860000001034,75.05550000001676,31.996799999964423,94.77708666666877,1
58,16,108.15270588665116,257.8158257361251,147.05441169852742,106.82696288858914,81.93289937503738,49.25444142409901,26.931429435112722,52.23138713204682,141.550274934384,1825.0824000000139,1160.2988999999943,153.07790000003297,71.82900000002701,62.974900000030175,60.90769999998156,45.99110000001383,114.06765000000087,1
72,10,23.749494492866766,379.81574480266084,348.1436485130815,186.59314028120113,143.37712509323097,54.62600113499065,42.94150017558311,117.7578415158122,98.99935271614335,687.6888000000035,165.0,116.0899999999674,108.02079999999842,99.999599999981,39.99749999999767,39.98915000000852,68.76888000000035,1
56,26,56.88865803962798,125.39936203984452,80.0812087820857,64.00781202322104,58.82176467941097,44.91102314577124,14.726281486722073,27.893023640927677,75.65716626039016,1650.8092000000179,189.25359999999637,172.0158999999985,136.29190000001108,123.0067000000272,122.8403999999864,56.06075000000419,63.49266153846223,1
38,15,26.191439108505914,66.85057965343307,63.694583757176716,49.24428900898052,44.64302857109943,35.11409973215888,29.068883707497267,31.24131871947856,32.59670203597544,1434.4457000000402,855.5213000000222,115.5283000000054,99.00260000000708,74.9894000000204,60.92330000002403,32.00140000000829,95.62971333333601,1
58,17,171.869897645844,404.6047453997543,394.06217783491985,192.23423212320952,128.2809416865966,71.11961754677819,15.620499351813308,81.23513003212275,99.80223675144988,1298.6511000000173,347.87510000000475,322.33480000001146,149.08390000002692,112.00800000003073,92.00290000002133,32.009499999985565,76.39124117647161,1
8,5,116.56505117707799,29.546573405388315,20.8806130178211,11.180339887498949,11.0,6.4031242374328485,11.180339887498949,15.802130109628242,8.613002624830745,512.6264000000083,155.32679999998072,100.01069999998435,99.99400000000605,87.30420000001322,69.99070000002393,99.99400000000605,102.52528000000166,1
54,5,55.23480276342322,934.6143589737962,44.28317965096906,19.026297590440446,10.295630140987,10.04987562112089,19.026297590440446,203.65386839546272,8.177582699504129,591.0951999999816,236.13390000001527,122.95659999997588,120.01329999999143,75.98869999998715,36.00270000001183,120.01329999999143,118.21903999999631,1
22,5,25.930806462651876,95.33624704172071,79.1580697086532,33.83784863137726,11.40175425099138,10.63014581273465,33.83784863137726,46.07281308909544,22.325641921270716,484.6332999999868,249.8788999999524,99.7670999999973,71.99080000002868,44.0,18.996500000008382,71.99080000002868,96.92665999999736,1
69,18,56.44104386876742,248.91765706755317,109.65856099730654,109.65856099730654,96.77293009927931,89.37561188601732,19.467579875078435,51.24698241499308,116.28414444552946,891.8918999999878,164.11269999999786,151.9481000000378,72.13550000003306,71.00370000000112,70.99119999998948,36.28445000000647,49.54954999999932,1
66,17,46.8965183032093,375.479693192588,161.0,135.35878250043476,63.198101237299845,43.04648650006177,11.40175425099138,53.909083045036304,68.46875144635997,1032.8472000000183,187.21990000002552,115.99499999999534,105.27689999999711,96.00160000001779,87.99960000003921,44.026299999968614,60.7557176470599,1
41,10,77.71270257662776,281.1138559374119,100.00499987500625,81.00617260431454,20.615528128088304,13.341664064126334,12.691629321459315,55.11112740554044,64.21712227303746,999.2398999999859,289.5795999999973,163.851399999985,131.2029999999795,110.27499999996508,92.18660000001546,73.70860000001267,99.9239899999986,1
35,8,16.684920289413764,101.07917688624102,87.20091742636656,72.03471385380801,62.24146527838174,42.80186911806539,52.52166719822357,54.07050990813335,36.37734324942495,535.9921000000322,144.1432999999961,108.06539999996312,107.6773000000394,51.803899999998976,39.991700000013225,45.8978000000061,66.99901250000403,1
32,12,34.249033006811956,136.95254652615992,112.80514172678478,56.293871780150276,28.653097563788805,28.42534080710379,19.60633520177595,36.830475928127804,79.9436645157828,413.226399999985,84.10229999996955,63.99980000004871,44.00050000002375,40.007099999987986,39.980899999965914,28.084250000014435,34.43553333333208,1
15,5,35.45547443444186,142.3938200906205,22.47220505424423,10.198039027185569,9.486832980505138,3.605551275463989,10.198039027185569,37.63128968560388,3.6673514783011787,556.4059000000125,229.30369999998948,139.99280000000726,95.01130000001285,83.95639999996638,8.141700000036508,95.01130000001285,111.2811800000025,1
73,15,175.06975725233704,437.8869717175883,259.04825805243314,100.9752444909147,83.00602387778854,64.88451279003334,31.622776601683793,77.8715218560921,97.20630893225805,1235.5913000000292,448.992900000012,299.242600000056,108.99209999997402,101.4368999999715,54.99829999997746,31.99849999998696,82.37275333333528,1
57,12,24.443954780416547,702.2997935354957,103.12128781197411,46.010868281309364,38.48376280978771,24.0,22.24637027240913,86.23691545025379,44.12123495831882,670.4562000000151,216.0519000000204,131.99339999997756,83.81030000001192,44.12400000001071,35.991199999989476,33.03289999999106,55.87135000000126,1
47,3,33.87606675698464,987.4943037810395,10.295630140987,5.0,0.0,0.0,10.295630140987,334.2633113073422,7.977749508766301,835.1716000000015,299.87530000001425,283.4335999999894,251.86269999999786,0.0,0.0,283.4335999999894,278.39053333333385,1
66,23,21.161259816828277,108.04165863221463,85.23496934944014,81.02468759581859,76.27581530209953,70.83784299369935,23.769728648009426,37.41947076848388,150.32821075679362,1154.1910999999964,222.67420000000857,186.1533000000054,153.97279999998864,115.91909999999916,56.09700000000885,24.252900000021327,50.18222173913028,1
22,8,142.30575953331083,79.51100552753688,59.0,37.64306044943742,29.427877939124322,27.80287754891569,28.615377744020005,32.797662302557015,56.54581719294928,975.6891000000178,402.91379999998026,248.56429999996908,112.21800000005169,80.98410000000149,71.00310000003083,75.99360000001616,121.96113750000222,1
16,6,18.434948822922,70.00714249274856,35.35533905932738,27.51363298439521,20.8806130178211,11.180339887498949,24.197123001108153,28.19661802148508,10.752239140779299,526.2924000000348,137.67620000004536,97.63439999998081,95.94559999997728,87.05620000005001,71.97990000003483,91.50090000001364,87.7154000000058,1
73,21,68.19859051364818,178.36199146679206,116.61903789690601,116.0,112.78741064498288,77.78174593052023,21.93171219946131,44.65938806033195,197.64070540668894,1536.5524999999907,335.95079999999143,188.92130000004545,128.08200000005309,106.99809999996796,100.09979999996722,48.00180000002729,73.16916666666623,1
56,7,179.51445416999186,565.3538714822779,502.8011535388518,260.31711430484165,118.00423721205946,40.52159917870962,118.00423721205946,215.2088892733305,44.91374005559899,762.0350000000326,370.03490000002785,143.99459999997634,91.0055000000284,72.0,41.0002000000095,72.0,108.86214285714752,1
4,4,60.94539590092286,11.0,10.44030650891055,10.295630140987,3.605551275463989,0.0,10.367968324948777,8.835371981340385,5.784316478800979,364.6510000000126,113.01990000001388,105.06449999997858,95.56750000000466,50.99910000001546,0.0,100.31599999999162,91.16275000000314,1
5,3,10.304846468766044,24.351591323771842,11.180339887498949,8.0,0.0,0.0,11.180339887498949,14.510643737090263,1.3665611111056344,371.593899999978,168.08669999998529,166.49809999996796,37.00910000002477,0.0,0.0,166.49809999996796,123.86463333332601,1
60,17,32.96940390346213,142.61837188805654,115.20850663036997,104.08650248711405,90.95603333479313,63.788713735268246,20.8806130178211,43.20691172277206,31.567653326671778,702.7767999999924,148.21850000001723,140.55530000000726,87.41180000000168,76.2043999999878,51.29489999997895,24.00099999998929,41.33981176470543,1
71,23,72.31889951014877,469.4603284623739,117.00427342623003,71.8679344353238,32.7566787083184,27.784887978899608,21.95449840010015,43.545870000379665,61.18808112017798,981.0185000000056,173.12550000002375,112.00250000000233,100.99989999999525,72.99540000001434,64.00010000000475,36.00159999995958,42.65297826086981,1
71,13,90.0,1221.7110951448383,162.40997506310995,83.16850365372699,63.89053137985315,33.734255586866,26.248809496813376,130.42782791914786,32.73776205219353,4742.93319999997,3953.2125000000233,179.01360000000568,120.59499999997206,111.13199999998324,96.99619999999413,64.08260000002338,364.8410153846131,1
34,18,66.92958775017536,83.02409288875127,69.92138442565336,54.120236510939236,43.56604182158393,21.540659228538015,12.083045973594572,23.084150430068572,76.62512423230467,1224.352200000023,428.3808999999892,141.16790000000037,125.25810000003548,123.11919999995735,67.99900000001071,37.56734999999753,68.01956666666794,1
40,15,62.02052561151985,165.0,131.10682667199293,49.01020301937138,24.839484696748443,24.08318915758459,12.649110640673518,34.03629929767478,58.560650770646646,823.708799999964,196.62709999998333,143.9529999999795,67.99989999999525,64.0,60.0,35.99990000005346,54.913919999997596,1
23,9,80.92850242282283,85.44003745317531,62.80127387243033,33.24154027718932,23.021728866442675,19.235384061671343,19.235384061671343,29.020066787947354,49.110461116854914,1320.3286999999546,773.664300000004,113.31329999997979,87.85360000003129,72.9997999999905,71.95739999995567,71.95739999995567,146.70318888888383,1
41,8,30.84658741214859,518.2991414231747,46.51881339845203,42.579337712087536,23.769728648009426,21.95449840010015,22.862113524054788,84.81277566492194,44.637229013534515,483.23560000001453,129.22299999999814,116.06210000003921,76.2390000000014,47.445999999996275,43.00500000000466,45.225500000000466,60.404450000001816,1
74,14,87.80506887679584,216.14809737770074,167.14664220378464,151.15885683611134,61.66036003787198,58.54912467321779,47.16998191881498,65.50826549034707,94.18433850232826,2017.9707999999519,628.1229999999632,446.49280000000726,163.37410000001546,162.6992999999784,155.4091999999946,66.26954999996815,144.140771428568,1
73,16,176.91234871501496,494.73730403113933,302.0149002946709,52.46903848937962,46.17358552246078,33.52610922848042,22.07403074513993,68.19961921297778,171.86243093725068,1502.9916000000085,389.5329999999958,198.6015999999945,184.05160000000615,155.99119999998948,120.28820000000997,39.492849999980535,93.93697500000053,1
111,20,165.37912601136836,1090.338020982484,477.6546869863207,137.10215169719257,81.0,58.180752831155424,26.866068747318508,107.33228919661676,215.73550604736045,2039.6479999999865,736.8396000000066,144.1015999999945,142.89380000001984,133.21799999999348,100.23420000000624,64.94120000000112,101.98239999999933,1
91,22,74.98163936884934,430.4880950734875,177.09884245810304,143.96180048887967,123.97580409095961,97.57561170702442,31.377677353524692,70.43089589500319,145.51674918151497,4729.425800000026,3500.4384000000427,496.11960000003455,76.00200000003679,73.72060000000056,73.07910000003176,29.35745000001043,214.9739000000012,1
70,14,175.60129464500443,199.0,191.26160095534075,179.2930561957155,110.16805344563369,61.220911460055866,40.30909533084423,68.16006121654686,207.9355529548291,1719.0501999999979,496.1872999999905,271.97299999999814,218.897799999977,128.00210000004154,103.26540000003297,77.81489999999758,122.78929999999984,1
28,8,53.00713137737737,253.4284909002932,20.591260281974,10.816653826391969,10.44030650891055,10.44030650891055,10.44030650891055,40.73374361620018,15.773722267676286,3389.3138000000035,2849.0935000000172,122.14420000003884,112.07489999994868,110.99609999998938,68.00290000002133,89.49950000000536,423.66422500000044,1
19,9,22.24902365721237,74.0,46.17358552246078,33.301651610693426,14.317821063276353,11.180339887498949,11.180339887498949,23.57672525970279,20.343986280416576,1413.5143999999855,867.1441999999806,130.1131999999634,117.20240000000922,75.99950000003446,71.99790000001667,71.99790000001667,157.05715555555395,1
67,15,74.96451286181623,352.8809997718778,205.6817930688081,177.867928531256,50.24937810560445,32.64965543462902,21.93171219946131,65.43458121680484,58.51832153731742,1443.1480999999912,620.3132999999798,166.95049999997718,156.76380000001518,139.85680000000866,89.99640000000363,36.14100000000326,96.20987333333275,1
123,20,165.96375653207352,567.8679423950607,290.6819567843866,162.2621335986927,110.98198051936178,95.50916186418976,50.3647577988557,85.5376544033229,93.31691725965803,5644.414400000009,4173.518999999971,387.4296000000322,164.99929999996675,113.18710000003921,111.96669999998994,54.56549999999697,282.2207200000004,1
52,16,150.12400730831058,413.48397792417546,155.05160431288675,100.24470060806208,92.65527507918802,85.60373823613078,13.019202405202648,62.765514067765054,92.63666402988697,1589.7821000000113,929.3268999999855,143.87320000003092,78.00099999998929,68.11410000000615,67.99599999998463,33.0027499999851,99.3613812500007,1
88,17,66.80140948635182,622.0,264.8244701684495,110.60289327137876,92.57429448826494,46.09772228646444,20.223748416156685,78.48303273722523,109.83967761299596,1218.4842000000062,295.43719999998575,196.13670000003185,142.14970000000903,135.25959999999031,99.99739999999292,40.00429999997141,71.67554117647096,1
86,8,28.300755766006375,475.0168418066879,184.97837711473198,174.0,137.05838172107534,130.6981254647518,133.87825359291355,140.89824810018752,6.886174002329871,960.4714999999851,297.28100000001723,164.49650000000838,135.85639999998966,127.99199999996927,100.00179999996908,113.99689999996917,120.05893749999814,1
62,16,53.655736960613595,307.8782226790326,89.00561780022652,80.0,47.80167361086848,47.16990566028302,22.516123936253585,48.02452829861231,123.82789700493372,1429.0136000000057,392.0805999999866,258.40690000000177,116.00420000002487,116.00209999998333,104.10889999999199,42.063099999999395,89.31335000000036,1
38,11,36.86989764584401,427.244660586882,37.64306044943742,32.69556544854363,31.32091952673165,13.341664064126334,12.165525060596439,55.5126309790972,56.21719371050965,741.9322000000393,339.8010999999824,185.99950000003446,91.13140000001295,35.98719999997411,24.001900000032037,19.98010000004433,67.4483818181854,1
38,14,51.97276928602646,221.21934815924217,155.11608556174951,94.54099639838793,20.223748416156685,19.235384061671343,10.908326913195985,43.24259384185675,17.486981385743942,999.3681000000215,170.9997999999905,153.4493000000366,127.51409999997122,115.18410000001313,71.94599999999627,50.003850000037346,71.38343571428724,1
7,4,56.309932474020215,35.6931365951495,14.7648230602334,10.816653826391969,7.0,0.0,12.790738443312684,17.068653370443716,8.29989238937552,593.9002000000328,364.4118000000017,105.1142000000109,64.99600000004284,59.37819999997737,0.0,85.05510000002687,148.4750500000082,1
7,2,179.0608090542646,61.00819617067857,13.0,0.0,0.0,0.0,37.00409808533929,37.00409808533929,0.2395313573411102,781.9287999999942,686.931099999987,94.99770000000717,0.0,0.0,0.0,390.9643999999971,390.9643999999971,1
47,14,112.61986494804043,302.9075766632456,69.63476143421474,54.405882034941776,52.0,47.51841748206689,11.429124202592131,45.63974678272329,69.93617177222318,799.3145000000368,224.14749999996275,118.96170000004349,96.28099999995902,84.55770000000484,40.00359999999637,34.5884500000393,57.093892857145484,1
35,10,49.87927378300674,179.8054504179448,111.40017953306898,28.792360097775937,26.570660511172846,22.825424421026653,21.924610231327648,42.21611699109672,20.85946842448563,437.34189999999944,101.13569999998435,79.8534000000218,65.3918999999878,64.00109999999404,59.988900000054855,45.49690000002738,43.73418999999994,1
11,5,168.6900675259798,72.06247289678588,20.396078054371138,10.04987562112089,6.0,5.0,10.04987562112089,22.70168531445558,3.739317685477174,643.477899999998,183.98139999998966,165.32990000001155,124.00310000003083,94.99569999997038,75.16779999999562,124.00310000003083,128.6955799999996,1
25,5,49.39870535499554,149.37536610833797,136.74063039199433,20.615528128088304,5.0990195135927845,2.23606797749979,20.615528128088304,62.81332242390264,8.185742326266302,531.9036000000197,137.10449999995762,125.15250000002561,107.5849000000162,99.7439000000013,62.317800000018906,107.5849000000162,106.38072000000393,1
43,8,58.240519915187214,351.9204455555261,52.46903848937962,52.392747589718944,35.0,33.54101966249684,34.27050983124842,68.80259815761484,55.56844183672101,907.8698999999906,229.67009999998845,163.64019999996526,143.69520000001648,133.43680000002496,103.13740000000689,118.28710000001593,113.48373749999882,1
65,18,28.520732574600874,179.88885457415086,131.8256424221024,72.069410986909,59.135437767890075,57.706152185014034,32.98573743993177,45.405663000354345,94.76100035277959,1413.0058999999892,348.2578999999678,240.87690000003204,191.2732000000542,108.77169999998296,101.25740000000224,40.45909999997821,78.50032777777717,1
37,4,66.7114456277814,371.098369708087,120.01666550941998,107.01868995647442,3.605551275463989,0.0,113.51767773294719,150.43481911236134,11.274838156633177,342.23810000001686,129.59799999999814,95.96970000001602,76.65029999997932,40.020100000023376,0.0,86.30999999999767,85.55952500000421,1
45,12,38.915306134731246,246.6576574931336,62.93647591023825,58.18934610390462,37.589892258425,32.55764119219941,24.26860229593982,45.48515932147865,29.448645215939397,804.5749999999534,191.65750000003027,116.82399999996414,79.02079999999842,76.9091999999946,72.12330000003567,58.4909499999776,67.04791666666279,1
48,7,128.50922836552434,1079.2043365368766,56.0357029044876,31.827660925679098,16.1245154965971,11.180339887498949,16.1245154965971,173.68186159687755,29.084128323367167,874.6529000000446,516.5069000000367,133.76880000001984,100.35580000001937,85.02139999996871,19.992499999993015,85.02139999996871,124.95041428572065,1
47,6,127.30394827798344,1151.4729697218254,44.01136216933077,37.33630940518894,11.313708498984761,7.211102550927978,24.32500895208685,209.057575391043,12.95245101529029,709.7940999999992,256.11530000000494,172.97200000000885,129.10469999996712,111.46170000004349,21.14179999998305,120.28320000000531,118.29901666666653,1
79,18,95.9112650432429,675.2695757991767,307.2474572718219,107.5174404457249,105.92922165295089,63.702433234531945,20.029964086141668,81.82161003448859,11.904701713097523,756.6603999999934,120.00089999998454,108.000400000019,96.15909999998985,70.03100000001723,63.99880000000121,27.66414999999688,42.03668888888852,1
24,10,142.12501634890182,80.72174428244226,79.40403012442127,65.80273550544841,22.847319317591726,12.529964086141668,12.285779332466982,31.184515537331272,9.078516525998717,1683.9417999999714,1072.0303999999887,300.2619999999879,81.02020000002813,64.10249999997905,51.03739999997197,45.515649999986636,168.39417999999714,1
20,9,21.61477894278625,113.07077429645558,42.04759208325728,37.94733192202055,11.180339887498949,11.180339887498949,11.180339887498949,27.7908984746766,9.549507361958915,416.85450000001583,164.4823000000324,63.08870000002207,45.06829999998445,33.00389999995241,28.081999999994878,28.081999999994878,46.31716666666843,1
57,12,152.91763642310138,327.3606573795941,221.6776939613005,63.953107821277925,62.6418390534633,30.59411708155671,28.74960781718036,69.66516200731077,165.62497716643838,1260.5264999999781,680.2150999999722,361.8305999999866,67.49440000002505,50.993900000001304,27.995400000014342,19.992399999988265,105.04387499999818,1
69,15,120.88107869694362,239.88538930080756,178.0,140.11780757633915,101.21264743103995,79.37883848986453,26.40075756488817,63.368288028535616,88.46044108483865,1021.0035999999964,303.04100000002654,105.34749999997439,85.35629999998491,76.19019999995362,73.0002000000095,60.00050000002375,68.06690666666643,1
26,16,68.62937773065681,84.00595217006948,38.600518131237564,35.6931365951495,13.416407864998739,11.180339887498949,10.793491720330488,18.26079386169278,35.78443422002874,918.4091999999946,316.2234999999637,72.99989999999525,72.02500000002328,67.4028999999864,59.86369999998715,36.000099999975646,57.40057499999966,1
76,16,16.133520090926957,280.0160709673643,166.20770138594662,114.63420083029322,90.55385138137417,62.96824596572466,42.89818755963696,64.64875963071611,69.28869481099038,711.8313000000198,176.23639999999432,124.18210000003455,80.46199999999953,56.10879999998724,44.01529999997001,29.777700000006007,44.48945625000124,1
26,7,27.652815017462075,98.00510190801293,72.80109889280519,61.98386886924694,25.495097567963924,24.186773244895647,25.495097567963924,43.70810581535865,16.19875038642109,1454.4223999999813,617.6158000000287,616.7957999999635,80.01129999995464,51.98780000000261,40.00749999994878,51.98780000000261,207.7746285714259,1
69,12,50.17800236589328,382.00130889828114,218.21548982599745,175.8465239918037,76.32168761236873,42.01190307520001,17.069134776457854,81.7773134959372,13.880116295636538,1014.9972999999882,323.71629999997094,206.00679999997374,151.01130000001285,110.97500000003492,64.97769999998854,48.98590000002878,84.58310833333235,1
9,7,178.61964592655562,22.47220505424423,21.095023109728988,12.727922061357855,11.180339887498949,10.63014581273465,11.180339887498949,13.730560661236698,14.570619549220963,1113.2146000000066,472.11550000001444,256.86060000001453,101.06019999994896,80.15659999998752,70.99330000003101,80.15659999998752,159.03065714285808,1
50,15,87.01571785640662,312.54119728445403,241.6795398870165,30.4138126514911,28.319604517012593,23.259406699226016,11.40175425099138,50.37218060688532,55.854357104221066,729.0371000000159,121.21340000000782,118.99739999999292,80.67530000000261,68.1074999999837,68.00150000001304,27.99869999999646,48.602473333334395,1
38,16,21.80140948635181,74.0,59.033888572581766,53.16013544000805,46.75467891024384,38.8329756778952,17.530560177975268,28.298032263298563,32.47558435838104,664.9748000000254,120.99849999998696,83.20420000003651,72.00049999996554,56.00069999997504,48.14069999998901,35.81784999999218,41.56092500000159,1
83,17,151.50436138175505,521.8064775374104,286.34245231889736,150.0966355385756,137.8985134075056,70.83784299369935,16.0,82.43039944613977,59.83240997007511,1149.1468999999925,221.00190000003204,193.27720000001136,110.09610000002431,88.71849999995902,80.20199999999022,44.00169999996433,67.59687647058779,1
49,14,54.80609275989709,866.8315868725597,38.3275357934736,26.40075756488817,21.587033144922902,16.1245154965971,13.019202405202648,76.93213659615706,26.143596619985136,677.1047000000253,185.63160000002244,134.87810000003083,92.01970000000438,56.99799999996321,55.60600000002887,22.065100000007078,48.36462142857324,1
25,13,140.3893117599734,60.08327554319921,47.29693436154187,47.01063709417264,22.135943621178654,21.93171219946131,11.180339887498949,21.02493701965119,9.70660033774349,2902.434899999993,1932.2658999999985,540.2447999999858,67.62229999998817,64.00109999999404,52.37380000000121,43.98090000002412,223.26422307692252,1
64,14,17.723236616886307,617.3920958353775,237.00843866833097,222.32408776378685,39.11521443121589,34.48187929913333,31.328278082659754,96.33167837029713,104.077236356623,593.8328999999794,76.022799999977,72.08780000003753,71.13760000001639,60.18420000001788,57.26360000000568,44.243699999991804,42.41663571428425,1
113,25,76.87709014100372,466.99892933496113,248.65236777477105,109.04127658827184,95.13148795220224,82.87943049997388,33.12099032335839,63.046056476567166,113.39835393268449,1596.7675999999628,217.38329999998678,151.148199999996,148.00679999997374,124.08620000001974,116.75169999996433,52.14480000000913,63.87070399999851,1
49,12,121.89079180184572,298.0889129102255,133.2066064427737,77.4919350642375,68.8839603971781,61.05735008989499,24.045706541989922,61.28203678848302,39.76856175886183,1305.6768999999622,360.1347999999998,332.68919999996433,190.62790000002133,160.89299999998184,76.22919999994338,52.06174999999348,108.80640833333018,1
6,4,60.94539590092286,21.540659228538015,12.0,10.295630140987,1.0,0.0,11.1478150704935,11.209072342381255,2.2481579507566516,227.15439999999944,136.17370000004303,54.992399999988265,27.9883999999729,7.99989999999525,0.0,41.49039999998058,56.78859999999986,1
36,14,156.65598903842252,126.60568707605516,68.30812543175226,67.08203932499369,44.28317965096906,28.844410203711913,13.798971882448171,32.352671080699835,102.03642345332376,947.3139000000083,247.88439999998081,166.56620000000112,138.9941000000108,92.19740000000456,56.617199999978766,31.992849999980535,67.66527857142917,1
2,2,39.69907348347432,8.54400374531753,8.06225774829855,0.0,0.0,0.0,8.30313074680804,8.30313074680804,2.8168113585237116,327.00030000001425,165.7141999999876,161.28610000002664,0.0,0.0,0.0,163.50015000000712,163.50015000000712,1
20,6,35.62453337907568,92.02173656261873,84.1486779456457,21.840329667841555,11.40175425099138,5.0,16.621041959416466,36.068749737849565,5.771337094603146,854.0464999999967,398.15640000003623,334.4040999999852,63.48300000000745,41.02000000001863,9.00299999996787,52.25150000001304,142.3410833333328,1
36,11,26.56505117707799,130.8166656049603,92.30926280715278,78.23042886243178,34.539832078341085,24.73863375370596,24.186773244895647,40.65532803899918,16.754127197156485,597.525100000028,145.06020000000717,99.00290000002133,79.18309999996563,59.00400000001537,47.99940000002971,47.00010000000475,54.320463636366185,1
29,11,59.11892130305639,115.80155439371269,95.01578816175763,45.254833995939045,39.293765408777,12.041594578792296,11.180339887498949,33.84107321081818,19.866708207829884,1985.0389000000432,1444.2566000000224,152.21269999997457,115.87320000003092,75.99200000002747,53.39179999998305,48.05079999996815,180.45808181818575,1
38,7,53.61186803113714,181.72781845386248,114.10959644131601,113.00442469213318,53.150729063673246,17.0,53.150729063673246,71.64513159049856,21.81070864451206,551.5922000000137,162.65669999999227,105.26010000001406,76.44780000002356,71.11790000001201,48.12099999998463,71.11790000001201,78.79888571428766,1
31,11,20.18580300946486,93.17188417113823,60.67124524847005,50.0,28.0,26.90724809414742,24.698178070456937,32.733576096027974,16.035131334032258,494.0199999999604,121.9997999999905,115.4375,60.20579999999609,59.01020000001881,35.15789999999106,24.994100000010803,44.91090909090549,1
52,10,16.69924423399364,269.2675249635574,165.1575005865613,75.02666192761077,73.0,55.036351623268054,43.64269130823112,72.56537811928497,54.84895540042876,521.9919000000227,240.99280000000726,71.99969999998575,64.99829999997746,38.99690000002738,37.00079999997979,30.49794999998994,52.199190000002275,1
44,12,68.19859051364818,206.24257562394823,126.49505919204908,119.00420160649792,34.66987164671943,33.24154027718932,10.885164807134505,48.303029498051814,36.13422573539768,990.5244999999995,368.65540000004694,78.3071999999811,75.2267999999458,70.79470000002766,60.35560000000987,56.289950000005774,82.5437083333333,1
64,14,15.945395900922833,432.90299144265566,142.72000560538106,50.53711507397311,48.41487374764082,44.94441010848846,22.42016483392078,61.369389436193536,46.234455089432124,631.3042999999598,123.58620000001974,108.17369999998482,56.25659999996424,52.29159999999683,48.0,40.50119999999879,45.09316428571141,1
26,9,23.41603075823041,129.3560976529518,75.17978451685,27.459060435491963,26.0,22.360679774997898,22.360679774997898,36.512307085882156,5.112296358449615,614.578600000008,240.72400000004563,179.81449999997858,64.99929999996675,61.396899999992456,19.9997999999905,19.9997999999905,68.286511111112,1
28,13,87.01571785640662,73.68174807915459,67.446274915669,42.04759208325728,27.0,22.825424421026653,11.0,23.898636553022303,21.136480476647503,2393.022400000016,513.2861000000266,370.6797999999835,360.9377000000095,328.5615000000107,171.7836000000243,100.773600000015,184.0786461538474,1
27,13,31.652736829159878,65.0,49.24428900898052,43.41658669218482,23.08679276123039,21.02379604162864,13.038404810405298,23.192615544967218,43.513931330328624,1126.4886999999871,295.3275999999605,263.52490000001853,136.03810000000522,83.81040000001667,78.11800000001676,55.99859999999171,86.65297692307594,1
37,13,167.04040507383988,184.36105879496353,74.06078584514209,47.01063709417264,40.607881008493905,33.24154027718932,22.20360331117452,38.920695018761656,22.139977995996507,636.8188999999547,129.15730000002077,121.19659999996657,72.01279999996768,72.01219999999739,55.227899999998044,44.31659999996191,48.98606923076575,1
33,12,166.24246903595974,184.5670609832643,63.89053137985315,43.289721643826724,20.024984394500787,17.26267650163207,16.326237921249266,34.67415692873255,6.490261199982376,891.1594000000041,336.10430000000633,331.74599999998463,67.78749999997672,63.62099999998463,28.035499999998137,14.336200000019744,74.26328333333367,1
43,11,155.3694146760179,216.6887168266959,165.89454481688057,50.44799302251776,40.718546143004666,32.01562118716424,25.709920264364882,53.44988040238943,121.12445477749134,785.2441000000108,343.5535000000382,120.02710000000661,114.99989999999525,59.67129999998724,43.89480000000913,40.00010000000475,71.38582727272825,1
34,17,52.125016348901795,87.23531395025755,55.362442142665635,47.07440918375928,47.01063709417264,23.021728866442675,11.704699910719626,22.92645601591697,22.508106354824804,3115.443800000008,1648.2342999999528,723.1491999999853,120.62440000002971,92.09030000003986,88.1015999999945,48.99720000004163,183.2614000000005,1
48,16,163.50510899493776,105.11898020814318,101.78899744078434,82.00609733428362,56.089214649520635,52.08646657242167,21.688779163215976,36.854569156981185,38.26084973926849,1620.8424999999697,353.36959999997634,267.1050000000396,203.18469999998342,172.01370000001043,116.11249999998836,60.00054999999702,101.30265624999811,1
69,14,61.93974469436883,306.03594560116625,137.05838172107534,134.31678971744373,100.64790112068906,89.87213138676528,20.025235961432593,65.02064891877146,80.3971038677979,1181.121599999955,380.21650000003865,141.17900000000373,139.00259999994887,103.70619999995688,102.99680000002263,55.499350000027334,84.36582857142535,1
11,5,19.983106521899973,45.0,44.14748010928823,11.704699910719626,9.219544457292887,5.830951894845301,11.704699910719626,23.18053527442921,7.122630014554424,821.1510999999591,559.8126999999513,89.24760000000242,71.08819999999832,69.00260000000708,32.0,71.08819999999832,164.23021999999182,1
48,10,25.95337570236419,460.575726672607,122.56018929489298,66.40783086353596,31.400636936215164,27.459060435491963,25.22953021774598,78.09547801698326,51.73156738974253,862.3889999999665,285.14340000000084,256.0970999999554,104.08649999997579,60.06939999997849,59.99650000000838,45.99674999999115,86.23889999999665,1
93,21,166.93068210371783,514.5133623143329,283.0,172.46738822165773,76.05918747922567,46.22769732530488,23.08679276123039,65.27651561328855,62.145075418615455,1594.3819000000367,564.602499999979,197.13040000002366,153.12340000004042,104.3010999999824,91.25449999998091,32.150399999984074,75.92294761904937,1
63,19,62.318938431514745,185.27007313648906,151.16877984557524,123.8587905640936,99.45853407325085,71.16881339463234,12.165525060596439,43.27049922810586,88.16204828395998,1053.7740999999805,265.3645999999717,178.28509999997914,114.71610000001965,80.00300000002608,68.31440000003204,32.0002000000095,55.46179473684108,1
60,13,23.54391030081313,369.1639202305664,211.24866863485792,120.07497657713701,85.00588214941364,62.00806399170998,44.384682042344295,80.78019429708012,17.111319765263136,990.5819999999949,293.1271999999881,250.2367999999551,176.10210000001825,59.992099999974016,51.992100000032224,30.987200000032317,76.198615384615,1
44,15,34.5085229876684,111.31936040060597,98.59513172565875,55.47071299343465,52.009614495783374,48.27007354458868,25.179356624028344,37.850587745716545,67.9822388419345,1155.152300000016,511.30300000001444,235.28140000003623,88.16839999996591,73.29259999998612,48.12449999997625,31.636100000003353,77.0101533333344,1
45,10,52.49585763972986,531.8063557348671,44.40720662234904,38.47076812334269,34.9857113690718,15.297058540778355,13.349406395884866,71.10006297839703,63.107231973767504,700.8018999999622,209.79170000000158,138.99640000000363,101.01539999997476,83.999599999981,47.00049999996554,41.991999999969266,70.08018999999622,1
34,10,23.932616308091507,178.88543819998318,99.85990186255943,48.27007354458868,32.01562118716424,25.019992006393608,23.24545127998875,45.71246745951586,41.11457504204282,517.2497999999905,212.0180999999866,125.00130000000354,77.09299999999348,27.15600000001723,21.00109999999404,20.995150000002468,51.72497999999905,1
36,6,20.119633140818298,352.64287884487334,198.76870981117727,98.85848471426213,26.92582403567252,21.095023109728988,62.892154374967326,118.08149325714999,13.78610517797036,245.00760000001173,60.006099999998696,55.99739999999292,49.006800000031944,40.00090000004275,35.994299999962095,44.503850000037346,40.834600000001956,1
