section_count_before,section_count_after,angle_max,section_max_value,section_average_value,section_median_value,square,time,time_median,time_average,condition
27,12,135.0,64.00781202322104,29.63875736693637,21.759372672192107,18.492694651826305,3204.5203,32.08355000000006,267.04335833333334,0
83,16,112.1936938333151,383.4188310451118,83.97601784632145,42.72580133679325,181.28952842351066,1242.5354999999995,42.50540000000001,77.65846874999997,0
15,8,15.989639737312572,45.48626166217664,20.522228133929755,16.411041871911003,13.893022940835225,317.1089000000002,35.502300000000105,39.63861250000002,0
150,40,141.65920726613678,226.00884938426637,48.227789916529886,23.450683095872897,226.1209302046084,5303.9561,42.51140000000032,132.5989025,0
90,17,95.99015246047408,264.15336454416024,71.59200027675587,52.03844732503075,36.4346231028063,2032.4858000000004,37.99229999999989,119.55798823529415,0
18,7,19.44003482817619,53.36665625650534,28.01956673237993,35.014282800023196,13.697222980057225,555.9595000000008,56.009799999999814,79.42278571428584,0
16,6,12.455363391725854,48.41487374764082,30.819641135235816,36.79921262426284,15.495822070085294,1425.4442999999992,43.76770000000033,237.57404999999986,0
50,9,91.54815769897796,291.3863414781139,68.38913883196491,33.1058907144937,20.48999210959304,3439.9297000000006,66.99699999999939,382.2144111111112,0
48,20,177.3974377975002,100.2845950283492,26.935217232512393,20.95220452972487,95.64904751259081,2452.017600000003,41.91964999999982,122.60088000000015,0
115,27,167.28066893786678,198.0,55.220440693142116,24.413111231467404,32.72099560417432,3550.532500000001,48.002699999997276,131.50120370370374,0
72,15,48.65222278030633,284.5856637288674,60.133879143949066,31.04834939252005,46.90136495689883,2977.4524999999994,99.9976999999999,198.49683333333329,0
119,28,119.23198984660944,756.9848083019897,68.34108847084819,21.71270447684202,235.46445396621564,4611.117200000001,75.75304999999935,164.68275714285716,0
68,7,16.910326049510143,338.2499076126999,129.29775081016487,29.017236257093817,43.51290732939508,2028.3358000000007,108.51320000000123,289.76225714285727,0
54,16,60.18845697686793,139.08630414242805,41.87524000006514,23.187855292892515,22.461126179664124,2364.4684999999954,46.05430000000342,147.7792812499997,0
7,5,37.8749836510982,21.95449840010015,14.509174550301726,13.0,1.9576948993568004,9807.645100000002,39.99979999999778,1961.5290200000004,0
7,2,7.931945804004145,71.00704190430693,39.53464982630274,39.53464982630274,1.0,140.14630000000034,70.07315000000017,70.07315000000017,0
53,15,171.73282666448938,276.26798583983634,50.90010887899871,22.47220505424423,9.876258091189445,1015.1782999999996,40.9997000000003,67.67855333333331,0
133,38,116.56505117707799,979.4253417182955,53.653049046239275,10.908326913195985,163.50469782022634,10560.731799999994,56.377049999995506,277.91399473684197,0
43,10,29.74488129694221,203.1058837158589,55.60272414985418,40.2971008567687,31.471197409745038,592.4554999999964,29.99814999999944,59.24554999999964,0
57,24,38.480198248343015,152.7939789389621,32.73728824552702,16.919346470401777,25.011307567322195,1387.0467000000062,20.180399999997462,57.79361250000026,0
5,2,9.782407031807285,29.427877939124322,25.71393896956216,25.71393896956216,1.0879213779497818,1135.046000000002,567.523000000001,567.523000000001,0
85,17,56.309932474020215,449.4374261229254,64.95227404739315,22.80350850198276,181.53209574838442,4044.9726999999984,56.73630000000412,237.9395705882352,0
83,27,38.34791269847426,167.0269439342048,36.395683823935215,22.135943621178654,108.66986416915563,5190.9974000000075,59.67829999999958,192.25916296296325,0
48,16,65.89287719755279,146.98639392814562,42.566261148039665,19.449499117709433,51.47715858708171,3040.6322000000073,35.91124999999738,190.03951250000046,0
118,33,120.88107869694362,395.4566980087706,45.73897908532077,22.02271554554524,164.61418460517797,2551.2342999999964,36.00810000000638,77.31013030303019,0
69,21,42.8524145717015,132.09466302617983,38.20234879162808,13.45362404707371,38.07216235845726,4385.812399999981,103.70980000001146,208.8482095238086,0
2,2,38.65980825409009,7.0,6.701562118716424,6.701562118716424,2.2135943621178655,6835.733800000016,3417.866900000008,3417.866900000008,0
93,19,55.23480276342322,288.3123306416151,63.12660230002404,40.24922359499622,100.33448055459455,2996.1780000000144,36.3238999999885,157.6935789473692,0
107,20,33.6900675259798,611.2348157623222,78.74764142346712,22.469726061580708,71.15303450550307,1669.3666000000085,42.00209999999788,83.46833000000042,0
126,22,65.51331906828398,593.6505706221463,77.09707396502189,12.205455727822638,59.15080831902351,5668.274700000009,82.29145000000426,257.64885000000044,0
75,16,167.52218229178618,164.62381358722072,61.45040748680059,39.42006111353648,56.65517994181376,2383.4162999999826,51.99739999999292,148.9635187499989,0
31,12,29.74488129694221,155.58920271021378,32.24579829112616,17.395545304576267,20.478928396522296,1438.988799999992,64.10714999999618,119.91573333333265,0
12,2,49.376786542173036,133.3604139165742,71.99527986465442,71.99527986465442,3.586847936550303,1712.4671999999846,856.2335999999923,856.2335999999923,0
95,20,54.86580694308437,200.30227157973022,67.97249774342791,37.3042083623046,167.93165992067804,1866.2666000000027,44.379549999997835,93.31333000000014,0
131,28,174.49263797024716,303.9161068452937,64.60052927374669,28.04530407597821,71.26268861325772,1437.4745000000112,34.50035000000207,51.3383750000004,0
14,5,33.6900675259798,72.20110802473879,31.24530329990579,20.518284528683193,4.423322374415067,381.6077000000223,67.99420000001555,76.32154000000446,0
21,6,46.41442321140215,146.24978632463024,49.18530496903228,27.4091704715881,12.187298180611885,440.0200999999943,60.009399999980815,73.33668333333237,0
22,5,24.64677085193115,89.1403387922662,47.84377900501424,59.90826320300064,8.449940073086742,561.7681999999913,132.96940000000177,112.35363999999826,0
14,3,26.56505117707799,112.44998888394787,49.22868562048256,33.0,1.9007270422959692,622.0914000000048,203.13019999998505,207.3638000000016,0
89,23,49.38134124414828,771.014915549628,78.21634701029124,23.259406699226016,83.50803421494875,5353.935399999988,44.99530000000959,232.77979999999945,0
102,24,90.0,350.2013706426632,59.21865372381021,15.840770846134703,30.582206991754717,11278.421499999997,35.99769999999262,469.9342291666665,0
38,5,76.49298633074858,412.8159396147392,94.65883826545374,15.132745950421556,9.529732065069224,3151.802800000005,351.6487999999954,630.360560000001,0
43,6,26.36594876180843,232.14219780126146,90.46273381560172,50.2022716726612,7.541245100310055,690.8948999999848,107.79945000000589,115.14914999999746,0
100,22,32.655159555761514,496.2307930791881,75.57102445760215,26.77724440057255,174.84538917914514,2316.430299999978,35.78364999999758,105.29228636363537,0
98,20,42.51044707800085,863.2873218112264,83.83702002728066,14.244880870813219,39.702349630474316,1579.3059000000067,41.51204999999027,78.96529500000034,0
10,8,41.185925165709655,33.94112549695428,12.181415183485532,10.462887976860825,3.2786798778992963,346.3838000000105,41.89500000001863,43.297975000001315,0
22,13,41.05481377096244,45.60701700396552,18.464523829792128,11.40175425099138,26.939178351738718,4613.02350000001,55.98029999999562,354.8479615384623,0
15,1,0.0,190.09471323527123,190.09471323527123,190.09471323527123,0.6102221257275697,402.83090000000084,402.83090000000084,402.83090000000084,0
113,39,98.82037955202107,276.56825558982723,41.40352562571655,15.231546211727817,59.278761118284876,4176.155199999979,30.99960000003921,107.08090256410203,0
2,2,26.56505117707799,3.0,2.618033988749895,2.618033988749895,0.5883484054145521,260.69450000004144,130.34725000002072,130.34725000002072,0
54,15,145.00797980144137,142.23923509355637,48.4306531461233,12.206555615733702,16.1501194498253,926.0928999999887,59.88940000004368,61.73952666666592,0
16,3,13.297712396044881,174.0028735394907,72.90968561548634,33.95585369269929,5.855860667030768,184.87470000004396,31.987400000041816,61.624900000014655,0
36,15,100.2667888327071,177.6879286839711,29.78924790743294,19.026297590440446,65.05453304157888,2451.5308000000077,35.56579999998212,163.43538666666717,0
109,33,128.08877288097534,268.0335799857921,39.034817487783805,11.661903789690601,14.038690632986853,14842.217200000014,116.00010000000475,449.76415757575796,0
119,21,90.0,377.18032822510776,71.53969572610886,12.36931687685298,39.076764406106264,5392.938499999989,76.29670000000624,256.8065952380947,0
7,2,12.026689654905365,57.0350769263968,30.57909127600723,30.57909127600723,0.3520335409318532,655.5284000000102,327.7642000000051,327.7642000000051,0
21,9,48.81407483429036,62.177166226839255,24.358029867963353,21.02379604162864,14.768892724496729,1463.3274000000092,71.99700000003213,162.59193333333437,0
13,3,50.85601358542896,148.21605850919124,56.42733942148242,10.770329614269007,1.3667790974039606,428.265699999989,111.99170000001322,142.75523333332967,0
63,18,154.92928241418855,194.81273059017474,45.04415983408637,22.460854060177425,17.33603765685037,4436.42359999998,76.23999999999069,246.46797777777667,0
78,23,84.8055710922652,527.3869547116235,51.74571732060001,14.7648230602334,200.7718030273516,10258.445299999963,71.38459999999031,446.0193608695636,0
123,38,177.09897925858058,243.03291958086666,41.9839504073186,18.43283963904748,110.49655425890455,4178.628000000026,42.26269999999204,109.96389473684279,0
60,14,46.8240898323761,399.0801924425716,59.662037633809454,28.603300583193448,101.679566195074,4373.645200000028,52.00625000000582,312.4032285714306,0
20,3,3.117898325486224,166.67633305301626,77.58730385954159,56.0357029044876,0.8486292929222788,3876.6009000000195,236.58500000002095,1292.2003000000066,0
6,5,66.38572793192836,21.095023109728988,12.612235053649275,10.44030650891055,13.905546470698388,3075.2005000000354,349.31969999999274,615.0401000000071,0
53,10,29.538782259558097,361.9350770511198,64.96633509423933,17.102631376487068,8.295501331600097,811.3964000000269,50.258299999986775,81.13964000000269,0
47,8,21.80140948635181,515.6374695461919,81.53547071722203,16.296532646504833,3.95116679064935,2595.357399999979,71.5616999999911,324.41967499999737,0
99,28,65.78265885471396,175.17134468856486,43.84157333093874,25.55379725884766,213.69224676129926,1406.0907000000007,31.952949999977136,50.21752500000002,0
140,37,45.0,313.0782649753892,48.28212091630396,28.844410203711913,302.0926672563865,3151.7202999999863,36.0002000000095,85.18162972972937,0
58,21,68.82426058289542,312.92331328937445,35.05222368533738,11.661903789690601,46.668619869271865,3084.5826000000234,60.194599999987986,146.88488571428684,0
4,3,68.19859051364818,10.770329614269007,7.466825142334552,10.63014581273465,0.7396002616336389,503.98949999996694,172.21799999999348,167.99649999998897,0
116,25,62.20703275444853,537.0595870106035,60.36522048991293,23.194827009486403,76.64663654377748,2257.2600000000093,49.01829999999609,90.29040000000037,0
50,24,31.89079180184571,93.68030742904295,25.248506241491228,18.067971810589327,119.64560156532363,1665.1672000000253,35.94999999998254,69.38196666666772,0
39,11,129.83890196663975,221.11083193728885,41.682208214877306,23.40939982143925,37.24155219634079,2515.6566000000457,120.00090000004275,228.6960545454587,0
34,16,40.601294645004465,83.86298349093002,22.60696983217042,12.287936246293341,20.36721773372575,2606.6468999999925,80.88294999999925,162.91543124999953,0
38,16,158.4429207149623,174.18381095842403,30.09747796134751,11.683301850205114,26.102698328695922,3115.894099999976,34.30019999999786,194.7433812499985,0
64,8,69.83885152826032,1154.75538535224,175.85726876558067,16.476298723785312,30.546831348299307,732.1449000000139,66.99460000000545,91.51811250000173,0
5,3,11.309932474020227,20.396078054371138,11.132026018123712,12.0,0.5866154166562823,413.3776999999536,128.23760000005132,137.7925666666512,0
118,30,95.1021652523582,511.33159495575865,60.280928599324035,13.072164963178297,130.81196581196582,1882.221200000029,34.49465000000782,62.740706666667634,0
92,10,59.03624346792648,892.1210680171162,124.09750590006942,16.390526594342372,13.679998023264757,9842.23099999997,140.1431000000157,984.2230999999971,0
93,21,102.9946167919165,241.6795398870165,59.468392417830394,32.31098884280702,81.79047818762973,7457.371600000013,80.3190000000177,355.11293333333396,0
89,23,133.58557678859785,304.45360894559946,50.312094304210866,24.166091947189145,127.90959902980748,3702.9907999999705,51.99869999999646,160.9995999999987,0
23,6,13.392497753751098,157.74663229368798,47.91786593699209,29.1306373933537,9.273457989961987,300.59560000000056,42.30284999997821,50.09926666666676,0
69,13,47.64254529406473,211.00947846009194,69.41398858777956,45.70557952810576,55.14209953416167,775.7127999999793,63.6993000000366,59.6702153846138,0
66,9,35.02151356220954,1180.810738433556,145.2133396348649,10.44030650891055,30.873621939176925,889.7680999999866,85.61759999999776,98.86312222222074,0
30,8,11.951875130024797,218.22007240398395,53.41224641105221,14.626973175616985,11.031724137931034,1960.1398000000045,42.001399999979185,245.01747500000056,0
13,5,138.81407483429035,66.24198064671678,30.067031017400716,23.53720459187964,8.634770046598618,783.1388000000152,39.11009999999078,156.62776000000304,0
6,4,78.47627829610268,22.360679774997898,15.997725189165934,15.716090977240135,3.3076114340310605,702.709199999983,67.35209999998915,175.67729999999574,0
62,3,51.778412186142866,870.1643522921403,297.72127166057595,12.36931687685298,13.907770019837063,835.9413999999524,380.5491000000038,278.64713333331747,0
90,15,154.99151629426188,460.65388308360104,80.9005172669881,22.02271554554524,24.13831060776964,3539.6387000000104,76.398600000015,235.97591333333403,0
79,8,33.490778661791,590.5726034959631,143.66643638822137,21.834469252462807,37.03058369972099,3799.849199999997,8.00134999997681,474.9811499999996,0
88,15,22.98871680208064,912.178162422232,94.48038954406982,32.0624390837628,33.721279211666435,844.358200000017,43.58010000002105,56.290546666667794,0
48,8,111.30784714082411,452.59805567412684,75.06275129717385,17.726309571328137,23.140163806642224,1082.5132999999914,118.44215000001714,135.31416249999893,0
11,5,39.382419409873165,44.384682042344295,25.247981323621623,23.323807579381203,9.423208119512038,419.5063000000082,52.00260000000708,83.90126000000164,0
45,18,163.07248693585296,160.22796260328596,28.653082548895057,10.605318061589779,25.35016069488284,4827.792299999972,229.95809999998892,268.21068333333176,0
172,37,160.937213953065,440.33623516581054,75.21718780524616,12.041594578792296,303.0867517901348,6720.572800000024,68.00070000003325,181.63710270270334,0
22,7,28.41266144307259,100.12492197250393,35.31030421411595,38.28837943815329,16.17892177840073,2513.8295999999973,206.61979999998584,359.1185142857139,0
50,17,90.0,162.2621335986927,33.742452310453785,11.313708498984761,58.41299400937223,1425.5883000000613,51.35420000005979,83.85813529412125,0
52,9,18.434948822922,367.52823020823854,78.27315310527281,30.805843601498726,10.000656691299236,595.0536999999313,79.00260000000708,66.11707777777013,0
57,18,60.92358555575893,247.42069436488129,43.97002968978696,19.091988102815627,86.57482867744766,2638.5606999999145,35.850949999992736,146.5867055555508,0
53,12,80.8376529542783,315.77840331472953,53.949567056708325,16.138715958889453,36.61112179494966,2780.769500000053,92.62520000006771,231.73079166667108,0
40,8,34.04935025745021,150.8409758653132,63.12160406416084,36.2148896704932,10.247779963583358,755.7731999999378,66.14990000001853,94.47164999999222,0
69,14,94.6106493186606,778.2550995656886,97.48149764426516,11.70087712549569,31.691384760049125,1251.9544999999925,66.9064500000095,89.4253214285709,0
134,24,30.735487701920107,331.42872536942235,70.99754025853058,31.569736768961054,38.7513615858629,2723.646999999997,70.02624999999534,113.48529166666655,0
34,17,56.77198519545098,124.00403219250575,24.095031335825823,14.142135623730951,20.465557424284928,4544.243600000045,51.239900000044145,267.3084470588262,0
19,10,14.366883207818002,81.59656855530139,21.734188132480362,11.260676868555798,2.907288414063653,12559.11129999999,56.52129999996396,1255.911129999999,0
39,12,19.781077107035053,57.28001396647874,35.440796868818815,34.924866576803296,31.382044043210104,1014.0816999999806,62.39724999997998,84.50680833333172,0
85,29,55.22216863363613,191.7706964058899,36.163185834301444,12.529964086141668,113.84729670281502,3753.2439000000013,32.0046999999322,129.4222034482759,0
139,39,178.43659126975453,351.6887828748594,46.84131332076986,21.02379604162864,190.4614171046584,6027.2500999999465,51.978699999977835,154.54487435897298,0
80,26,85.36453657309737,425.84973875769845,54.43290695431619,12.659235749281173,67.5704896859967,3504.5855000000447,56.412300000025425,134.7917500000017,0
87,21,152.48799737614854,510.0529384289439,55.88535587059458,11.661903789690601,36.35725278533667,2624.6668000000063,95.79350000002887,124.98413333333363,0
52,21,162.34987578006988,103.46980235798269,30.401728999687375,13.341664064126334,47.868752165033335,5320.119600000093,55.53029999998398,253.33902857143298,0
23,10,139.63546342690262,102.7861858422619,23.85412139333491,16.218836316581715,8.768889167117402,873.2348999999231,60.34754999994766,87.3234899999923,0
91,22,148.90268711422056,290.2912330746487,53.62779237628459,25.33217378746909,200.8104854690547,3415.7481000000844,63.97970000002533,155.26127727273112,0
111,26,51.3832604770963,349.7041606844277,57.10302321485536,48.425429761568985,261.76931690237456,3069.72920000006,41.22200000000885,118.06650769231,0
204,37,146.30993247402023,362.840185205553,78.04664905515924,44.10215414239989,430.8623611396867,3570.840099999914,51.996599999954924,96.50919189188957,0
56,19,60.984801520234576,91.02197536858887,42.54290515707967,32.2490309931942,18.071865108073947,15216.019699999946,31.99970000004396,800.8431421052603,0
57,17,19.983106521899995,147.58048651498612,47.18901938681809,29.068883707497267,84.76186884058083,713.9647999999579,32.396500000031665,41.99792941176223,0
110,16,145.4742348282258,575.4233224331457,94.47673200437417,34.17037508616426,52.91808678672615,3263.192700000014,77.69310000003316,203.94954375000088,0
18,7,67.38013505195957,101.6070863670443,25.899001554654802,10.198039027185569,5.309844861171282,1173.5699000000022,147.75069999997504,167.65284285714318,0
19,4,13.644818100558776,118.25819210524064,57.71166707621613,50.88591118661596,7.988984519392294,244.5264999999199,54.4850499999593,61.13162499997998,0
8,5,11.309932474020227,33.83784863137726,17.6355497067096,11.313708498984761,6.017733356846111,383.24280000000726,75.69169999996666,76.64856000000145,0
19,6,14.036243467926484,56.0357029044876,33.49517558780001,39.42592561109153,6.392350149762102,613.0235000000102,68.0530499999877,102.17058333333505,0
37,14,150.94539590092288,91.35097153287424,32.17697475927493,16.394957112657128,54.73944904719056,2728.7497999999905,52.99505000002682,194.9106999999993,0
25,10,14.689887197377878,48.46648326421054,27.034200784624737,26.234547606008817,15.929197213580464,877.8719999999739,41.99740000005113,87.7871999999974,0
206,47,156.65598903842252,374.0120318920235,59.2404694698642,15.0,145.26769535147676,8436.797499999986,44.09909999999218,179.50632978723374,0
62,11,129.14398641457103,770.4394849694556,100.21952369445302,11.180339887498949,15.907940528086344,1682.5658999999287,40.00300000002608,152.96053636362987,0
72,23,24.486680931716013,286.0629301395062,47.83991591998591,16.76305461424021,38.20262293861912,963.2223000000231,40.92240000003949,41.879230434783615,0
46,9,20.77225468204584,223.0560467685196,73.31407619417313,23.259406699226016,25.260806661135167,504.2602000000188,31.757300000055693,56.0289111111132,0
61,25,79.76519723657678,174.6568063374571,29.99435976108504,12.041594578792296,51.31508220019353,3520.8562000000384,48.02139999996871,140.83424800000154,0
62,16,58.15754274001481,381.8481373530582,57.23157034222828,11.449849899993271,21.28734959915988,2285.991700000013,55.743849999969825,142.87448125000083,0
26,7,13.134022306396327,102.57680049601859,47.221360288295365,47.80167361086848,26.003264902748782,503.7636000000639,40.43880000000354,71.9662285714377,0
34,13,147.89374404488217,120.55289295574785,30.058966114603155,13.152946437965905,71.65021924064249,989.1027000000468,59.192700000014156,76.08482307692667,0
68,6,13.58510492113921,531.3802781436285,151.33708112323015,91.02014428506011,14.0286185530597,737.4423999999417,100.15505000000121,122.90706666665695,0
114,19,100.4914770123316,516.1172347442003,77.08381779177815,13.0,317.1541559808606,3429.1790000000037,92.02489999996033,180.48310526315808,0
18,8,24.30454926593671,57.8013840664737,23.104911856164556,19.393414561341558,8.783853503435735,904.5328999999911,60.42339999997057,113.06661249999888,0
113,29,118.00001062995656,441.83481076076384,50.54566036769624,11.40175425099138,285.3807974739088,3141.395499999984,40.00069999997504,108.32398275862015,0
102,20,56.309932474020215,611.5529412896319,67.34441784403798,21.866248339856767,140.17792188742473,2273.8493000000017,57.76279999996768,113.69246500000008,0
42,13,46.90915243299638,219.61784991206886,44.977186969153244,11.40175425099138,23.54161245367617,8516.154899999965,68.1315000000177,655.0888384615357,0
41,14,68.82426058289542,259.26048676958084,38.67278012073874,25.94431915675859,38.09109934848288,2576.2406999999657,20.469550000037998,184.0171928571404,0
16,6,42.28129295820743,99.40321926376429,30.435865557075118,10.462887976860825,7.229979615153224,801.7190999999875,136.51949999993667,133.6198499999979,0
19,7,21.161259816828277,79.64923100695951,34.38780580628896,33.24154027718932,20.134550312304388,440.24460000009276,36.15190000005532,62.892085714298965,0
57,5,26.489363269303755,651.0453133231204,150.05704999017397,19.4164878389476,14.912711258759414,542.799100000062,80.09460000006948,108.55982000001241,0
47,8,12.677434559991879,369.0758729583932,74.97495473921484,33.66541025835491,3.341542829824296,456.1350000000093,46.00229999999283,57.016875000001164,0
85,17,36.08507304285213,229.13969538253298,63.734067968697524,31.25699921617557,131.94730166380765,1014.4162000000942,44.55830000003334,59.67154117647613,0
107,26,152.02052561151987,397.82533855952414,55.18574453192988,17.495340272408306,55.05468168097192,2502.2626000000164,30.136299999954645,96.24086923076986,0
43,20,51.83343729090925,58.66856057549052,24.595149817344023,25.885287933480647,93.81832400346555,4585.454499999993,26.051150000013877,229.27272499999964,0
66,22,130.36453657309735,135.0,36.12930004440365,11.223557634089321,97.57876322981647,3824.1328000000212,52.36349999997765,173.82421818181913,0
17,5,18.011797140529993,88.29496021857646,36.347796974395,32.202484376209235,9.896161996327244,636.7092999999877,104.08689999999478,127.34185999999754,0
13,2,9.472605472511242,116.03878661895772,73.8070467133258,73.8070467133258,2.473260061062119,420.74119999993127,210.37059999996563,210.37059999996563,0
15,7,162.97947438848016,60.74537019394976,24.46922946904474,11.180339887498949,2.212107322184308,2939.0394000000088,83.99869999999646,419.86277142857267,0
17,5,42.801424570763785,67.89698078707183,36.9420018136902,31.400636936215164,6.225867345378442,952.0541000000667,112.20120000001043,190.41082000001333,0
39,9,19.452605205226178,108.00462953040486,48.68751341977658,44.553338819890925,13.05218837003335,4629.916200000094,172.06070000003092,514.4351333333439,0
14,1,0.0,165.65627063289816,165.65627063289816,165.65627063289816,0.4290626778290378,204.00879999995232,204.00879999995232,204.00879999995232,0
47,4,38.22648709097155,670.0992463807133,201.98042936753387,67.1084599069791,4.739676136920026,467.13670000003185,113.78109999996377,116.78417500000796,0
38,6,13.392497753751071,205.0,84.53460656288603,65.47316941082356,21.537266800331587,347.6475999999093,23.647450000047684,57.94126666665155,0
93,21,30.51023740611555,503.67151994132047,56.84071359445182,13.601470508735444,184.2412708025725,6900.482400000095,40.48739999998361,328.59440000000455,0
87,15,112.40983737149325,519.7932281205672,72.54272376299953,11.0,21.88463998278504,6951.158900000039,63.32850000006147,463.4105933333359,0
48,8,42.05528175579356,255.0019607767752,76.0160464984784,36.933136472780475,9.36658535177771,818.1232000000309,58.05014999996638,102.26540000000386,0
33,8,30.323606862549983,192.753728887407,58.16581632413928,36.2602916254693,23.614206551971765,1100.9176999999909,23.99969999998575,137.61471249999886,0
51,13,43.553444313426084,324.27457501321317,81.53117585794088,23.0,112.07960627739281,912.078300000052,40.993999999947846,70.15986923077323,0
3,3,22.24902365721237,10.63014581273465,5.490588355232809,3.605551275463989,0.5835803609922536,204.01529999997,63.97700000007171,68.00509999999001,0
48,8,17.10272896905239,403.49597271843993,77.89637157065981,27.77050983124842,12.831225617939133,628.2579000000842,69.75190000003204,78.53223750001052,0
99,15,54.00850374202517,481.375113606842,91.63977069526007,35.11409973215888,50.28942560337613,1631.582000000053,64.83700000005774,108.77213333333687,0
82,17,61.94809714068668,214.1074496602115,57.24011897848335,30.805843601498726,86.87713092505815,5928.02099999995,99.99820000003092,348.70711764705584,0
12,8,27.255328374943065,50.0,17.640753614134898,11.87314724475596,5.2544875111819325,11074.892999999924,27.49029999994673,1384.3616249999905,0
21,4,93.97819342286716,179.13681921927719,60.30506750886986,26.0167875975407,3.733486437485792,2384.513600000064,474.454550000024,596.128400000016,0
21,2,21.80140948635181,222.0,116.3851648071345,116.3851648071345,3.6554911980416365,676.0296999999555,338.01484999997774,338.01484999997774,0
21,4,15.945395900922858,137.0,66.22981506711476,58.36946019048003,10.506589193392857,283.89119999995455,71.87770000001183,70.97279999998864,0
31,12,95.71059313749964,251.09759058979438,35.78144403723102,11.70087712549569,14.420305235448689,1411.9333999999799,68.01219999999739,117.661116666665,0
143,36,121.89079180184572,404.18312681258726,49.742910099317676,22.923576643734663,306.4333523759485,11886.820399999968,54.131450000044424,330.1894555555547,0
98,11,177.21012838350075,570.0078946821702,122.51840321458029,25.059928172283335,40.40763317564486,2330.472899999935,139.74769999994896,211.86117272726685,0
32,14,161.2502423696889,101.01980003939822,27.105158844581037,22.041594578792296,76.50287931426519,1092.5090000000782,57.474700000020675,78.03635714286273,0
15,8,19.384515679357825,76.15773105863909,20.144118544110885,11.086041932630193,4.602051449393871,807.0625,66.05139999993844,100.8828125,0
115,42,178.867819724869,281.298773548695,36.33161052549713,15.591616576014516,190.22745151757152,8170.779700000072,31.99989999999525,194.54237380952551,0
89,14,78.69006752597979,821.8856368132978,109.15871256045409,23.423659658795863,60.955551342520266,870.233099999954,49.99925000005169,62.159507142853855,0
16,5,9.272601777200324,111.01801655587259,35.74695577383212,12.083045973594572,1.6009612497112236,535.1507999999449,111.13000000000466,107.03015999998897,0
86,19,41.7847912001535,439.6691938264495,78.85861539524282,22.20360331117452,61.31760708078235,2547.606000000029,64.00459999998566,134.08452631579098,0
44,11,135.0,229.0720410700529,48.111375258713046,11.40175425099138,9.119648362856982,851.4390999999596,68.25199999997858,77.40355454545087,0
10,6,14.036243467926484,32.01562118716424,15.591661545927316,13.0,0.5408833860957536,790.3018000000156,81.99394999997457,131.71696666666926,0
27,10,85.36453657309737,125.32358118087753,28.981471725317704,15.611874208078342,6.982373223030246,1247.6991000000853,84.05065000004834,124.76991000000854,0
56,22,116.7705342632741,215.1278689523977,34.58826574567347,13.818569678176821,54.373313433310116,727.6915000000736,22.00205000001006,33.07688636363971,0
42,12,77.89722167433345,223.10983842045155,41.93883912217449,16.601527716522092,108.9633732914015,1305.457000000053,108.5,108.78808333333775,0
80,24,39.6106882400266,266.2724168966812,43.90034181676097,20.495948769615225,167.75703074945093,1096.503800000064,27.88974999997299,45.687658333336,0
74,13,123.6900675259798,277.82368509542164,71.38984901779244,51.419840528729765,101.31425488214406,3061.4122000000207,75.99820000003092,235.49324615384774,0
2,2,14.036243467926484,4.123105625617661,2.5615528128088303,2.5615528128088303,0.19611613513818404,691.7725000000792,345.8862500000396,345.8862500000396,0
42,6,22.166345822082473,329.548175537356,89.99462469817617,16.196771661547686,6.308153922816964,1123.4762000000337,142.10399999999208,187.24603333333894,0
105,27,54.52466797179,214.44113411377026,47.50911920570498,22.090722034374522,78.96507958080207,1239.8340999999782,20.297400000039488,45.919781481480676,0
202,33,161.56505117707798,1429.5467813261657,79.49711361202982,20.223748416156685,18.709379019596323,8876.18060000008,73.98760000010952,268.9751696969721,0
14,7,33.11134196037204,57.201398584300364,19.22236632384686,10.63014581273465,4.129354390409129,1171.737599999993,152.54169999994338,167.39108571428474,0
83,9,40.46422366364981,350.891721190455,121.83730055681642,12.041594578792296,54.36200621082266,1911.9013000000268,195.73160000005737,212.43347777778075,0
20,3,35.47954491874756,224.69757453074567,83.56900061959104,15.811388300841896,5.463551937672918,3211.6391000000294,1467.3714000000618,1070.5463666666765,0
31,9,14.813044624581295,169.64079697997178,37.84962430304532,21.02379604162864,3.393622584033689,4089.016399999964,252.4474999998929,454.3351555555516,0
67,24,60.94539590092286,190.46521992216847,34.90769499087126,14.0,140.04805199147924,1691.2092000000412,49.96405000000959,70.46705000000172,0
6,5,112.38013505195958,21.02379604162864,10.755621134999355,10.198039027185569,4.899138799381964,1291.3961999999592,159.90200000000186,258.27923999999183,0
84,21,83.0698665033368,318.3111685128249,51.927709892592965,16.401219466856727,79.77714401377936,1955.9002999999793,24.059999999939464,93.13810952380854,0
53,11,21.78764969326545,177.00282483621552,66.38571899972975,38.47076812334269,12.500261591712444,776.642700000084,28.93880000000354,70.60388181818945,0
80,23,80.3718438715133,247.00809703327542,43.89423222045474,11.40175425099138,26.607219633071285,4304.365699999966,80.0199999997858,187.1463347826072,0
49,15,152.85031830221683,240.3018934590404,39.83515405658944,21.540659228538015,81.70137015410995,4517.1392999999225,87.99769999994896,301.14261999999485,0
81,31,155.51331906828398,243.28172968803062,32.591125775088116,12.727922061357855,41.94660412272348,5129.223699999973,48.004899999825284,165.4588290322572,0
56,22,173.5099205413819,147.0136048126159,28.626427910153883,11.553227080855503,42.06568429531422,2733.6762000001036,47.625800000038,124.2580090909138,0
12,1,0.0,145.0,145.0,145.0,0.0,171.50600000005215,171.50600000005215,171.50600000005215,0
3,3,90.0,10.63014581273465,10.342074622368596,10.198039027185569,4.0,6247.85810000007,104.14049999997951,2082.61936666669,0
73,20,75.32360686255,477.3594033849129,46.55631634971921,17.91818634767134,85.52861235943689,1362.5992000000551,37.84639999992214,68.12996000000275,0
48,17,135.0,326.377082528783,37.05223499601822,14.035668847618199,61.58949822014529,1285.2975000001024,44.026600000215694,75.60573529412368,0
16,5,41.185925165709655,123.4908903522847,35.39333830420606,10.63014581273465,4.123632740657468,799.785400000168,50.99760000011884,159.9570800000336,0
84,20,55.03690245396351,846.5754544043904,91.82918205007124,11.442519899109287,114.56659501744421,1818.1210000000428,46.49869999999646,90.90605000000214,0
80,14,46.8965183032093,1167.898968233126,119.2691555535542,13.293865081226198,86.8692948881037,821.5736000000034,52.28834999992978,58.68382857142881,0
103,23,45.00000000000001,711.8272262283875,76.01731446603856,22.561028345356956,90.19165277007976,1780.7904000000563,56.01150000002235,77.42566956521983,0
97,23,106.01543960626569,524.0229002629561,70.67096860137057,24.413111231467404,26.15465885301435,1218.030199999921,27.997699999948964,52.95783478260526,0
84,26,68.19859051364818,738.6751654144059,50.22890624393029,11.872474881642587,23.419106117579116,1394.2957999999635,39.58970000001136,53.62676153846014,0
73,19,33.6900675259798,666.6363326432186,69.58556634537881,12.206555615733702,84.75401744932039,951.3403000000399,35.96109999995679,50.070542105265254,0
111,21,35.05942696688698,736.0720073471073,83.2429209743799,31.25699921617557,100.84167671184548,1345.46809999994,25.00109999999404,64.06990952380667,0
67,15,37.154782180767356,1133.138120442517,108.71173703955252,22.360679774997898,25.305581235579496,989.9853999998886,40.20339999999851,65.99902666665925,0
120,29,102.13132106663251,451.1285847737871,68.32746323550626,22.47220505424423,134.33948853239457,3639.525499999989,48.00010000006296,125.50087931034444,0
84,8,169.52038301223777,1299.7392046099094,213.67031862513534,63.47343487191418,31.167159116626774,799.7024999998976,97.9159000000218,99.9628124999872,0
82,21,158.53711407528021,246.22347572885897,50.28848015898996,30.528675044947494,239.6746789671121,3033.5027999999,59.374099999899045,144.45251428570953,0
80,16,112.16634582208246,430.82362980690834,70.6766771642509,24.86039528349236,109.24762272471088,945.4587000000756,54.455700000049546,59.09116875000473,0
150,37,88.09084756700362,1177.0853834790405,86.81231533659253,21.02379604162864,100.92193033201168,3495.623799999943,56.00940000009723,94.47631891891737,0
67,21,137.11680441723107,292.54230463302224,39.64448002162875,20.615528128088304,108.58324559036582,4327.513799999841,47.99270000006072,206.07208571427813,0
260,39,174.28940686250036,1608.0796000198497,115.91641782523465,41.23105625617661,605.1680927497815,5955.614899999928,39.97810000018217,152.7080743589725,0
121,23,101.50481532625882,214.7091055358389,74.46483581696454,46.52956049652737,99.06143709629198,3417.537900000112,48.99719999986701,148.58860434783097,0
79,22,18.612885454332396,151.10923201446033,46.833341358354225,38.23069152152579,147.27625158735125,2814.5544000000227,30.037899999995716,127.93429090909194,0
66,12,101.42118627499929,303.13693275481955,71.24846306507106,23.026810738260316,31.15911028203215,13071.382999999914,62.08709999988787,1089.2819166666595,0
85,20,78.69006752597979,318.1351913888182,55.401591776584745,21.046908226708766,105.41264665339311,2887.476400000043,91.99960000009742,144.37382000000215,0
148,23,115.9533757023642,812.936651898535,86.46167666977465,20.223748416156685,256.54561800001534,6721.065100000007,91.99030000017956,292.22022173913075,0
10,2,10.00696973921997,68.62215385719105,58.253716716221284,58.253716716221284,2.370062830862229,144.43599999998696,72.21799999999348,72.21799999999348,0
91,20,177.33699923393283,269.02973813316623,60.29397879172268,26.87648089678282,35.773986356660814,1541.7931000001263,45.944699999992736,77.08965500000632,0
86,30,56.53086626144034,199.090431713832,37.44972507355386,17.513878188659973,134.6243672547184,6022.465500000166,60.057099999976344,200.74885000000552,0
40,11,45.0,303.5951251255527,64.59245945875773,10.816653826391969,38.727948284045915,1431.5456999999005,52.47750000003725,130.14051818180914,0
4,2,2.4895529219991284,23.021728866442675,12.010864433221338,12.010864433221338,0.1803990270861191,748.5770000000484,374.2885000000242,374.2885000000242,0
129,16,165.05708760744096,1238.7816595348836,123.89411170066259,16.80776406404415,70.01208950429753,3786.4170999999624,107.94570000004023,236.65106874999765,0
25,7,19.301806436493425,100.43903623591775,51.94724789098445,57.688820407423826,26.45614086019482,518.7132999999449,47.99929999979213,74.10189999999213,0
84,21,58.52007923816164,451.3590588434002,48.848853830388656,14.317821063276353,145.34215150567715,1508.3715000001248,36.43069999990985,71.82721428572023,0
60,21,172.6778164603108,168.5852899869974,40.34687662176093,22.20360331117452,193.78656324936148,1081.154499999946,29.031200000084937,51.48354761904505,0
38,6,51.499346279654574,291.1631844859511,82.09734238414725,10.605318061589779,10.468150301440549,555.4760999998543,97.96999999997206,92.57934999997572,0
29,10,111.80140948635182,138.15932831336434,39.262902280823724,19.23990205098616,5.961175493041211,2803.519999999786,76.42694999999367,280.3519999999786,0
25,3,18.970407808486552,331.30801378777426,122.38195413971717,33.83784863137726,3.319631412412233,1568.3301999999676,200.02740000002086,522.7767333333226,0
50,13,52.49585763972986,366.24035823486196,49.09498160906508,10.63014581273465,14.770051827540058,2393.4207999999635,71.27339999983087,184.1092923076895,0
80,24,84.88958243896876,270.667692937299,40.92373702399703,22.68033988749895,144.14252069248607,2725.504299999913,46.0355499999132,113.56267916666305,0
15,4,12.828782871455422,153.88307249337075,47.21286028370633,12.385164807134505,2.0927691959807264,198.67760000005364,44.003800000064075,49.66940000001341,0
17,4,7.025336944399603,124.4869471069156,57.07580860335717,47.90814365325655,0.9562823202726892,195.03579999995418,42.02430000004824,48.758949999988545,0
37,9,172.03417573454857,178.1796845883391,48.11712563708496,33.12099032335839,63.4668545083104,912.2759000000078,35.96829999983311,101.36398888888976,0
21,4,8.951678157399074,94.42986815621421,57.488960164179936,57.45522218620861,1.172384871285571,350.37819999991916,88.05790000001434,87.59454999997979,0
36,9,179.0289780689212,202.08908926510605,50.30628623578931,12.165525060596439,1.3137376269888168,443.9499000001233,55.987500000046566,49.32776666668037,0
19,7,15.255118703057764,200.0,39.25094035941646,11.180339887498949,2.7555891388646447,638.5114999997895,20.675399999832734,91.2159285713985,0
13,3,11.309932474020195,133.24038426843418,48.146141098539914,10.198039027185569,1.466375838690919,214.7835999999661,31.743199999909848,71.59453333332203,0
15,1,0.0,177.00282483621552,177.00282483621552,177.00282483621552,0.3087117801279123,306.16989999986254,306.16989999986254,306.16989999986254,0
16,1,0.0,197.0,197.0,197.0,0.0,248.60100000002421,248.60100000002421,248.60100000002421,0
18,2,3.623997056352601,124.01612798341996,106.14704902761673,106.14704902761673,2.5831339299162424,301.84660000004806,150.92330000002403,150.92330000002403,0
21,4,15.43851635419342,133.3604139165742,66.67238731148383,50.96424919657298,14.175363454735717,340.82279999996535,95.90060000005178,85.20569999999134,0
38,9,38.5873278632615,175.0114281982751,53.50032683803966,21.095023109728988,27.227590041751558,1025.3174000000581,53.35000000009313,113.92415555556201,0
37,11,23.860175191342346,221.11761576138613,38.32319660882757,17.72004514666935,33.099898642795694,1272.8240999998525,32.395100000081584,115.7112818181684,0
44,11,56.06375543275299,165.8010856418015,53.75408769877081,21.93171219946131,11.12277075537327,2371.6731000000145,87.96149999997579,215.60664545454676,0
154,34,150.94539590092288,941.1232650402391,67.66004921225559,34.298439668258354,254.2008423897398,3917.5557000001427,42.005800000042655,115.22222647059243,0
242,55,174.40066066347947,643.2923130272893,62.591619563746,13.0,415.1650572281877,8175.185999999987,56.86599999992177,148.63974545454522,0
48,14,18.82423713642373,110.13627921806692,46.43181229550607,45.14437663660834,75.57978901909377,707.6496999999508,32.59299999999348,50.54640714285363,0
119,41,169.06090881680785,244.2642012248213,38.5415496390484,20.223748416156685,118.565566758598,3470.367499999935,32.003100000089034,84.64310975609597,0
24,7,156.4405591031027,229.59311836376978,44.252091782225136,11.704699910719626,4.1782068126043015,2514.6664999998175,148.26399999996647,359.23807142854537,0
67,12,84.40066066347944,514.4880951003629,74.83076631323145,19.82587867306533,13.686770308206745,3388.6182000001427,78.00085000006948,282.3848500000119,0
67,20,180.0,416.60172827293934,66.19483520445476,19.028485316377235,94.22296863643705,1027.5567000000738,36.13169999991078,51.377835000003685,0
484,122,173.8520429949796,1386.6899437148882,61.6085511391611,20.40750434906534,344.3942472473644,28192.512000000104,52.491150000016205,231.08616393442708,0
74,21,55.88552705465874,142.67795905464865,45.477504156677824,31.25699921617557,227.92676376750552,1382.6293999999762,59.56979999993928,65.8394952380941,0
134,42,174.28940686250036,282.14358046923553,39.159892701936805,16.553421007611604,37.679171181964016,8665.726499999873,58.038850000011735,206.32682142856842,0
14,5,12.355359865083534,85.88364221433555,32.810052674918154,13.601470508735444,1.1084320867841155,210.9429999999702,27.227500000037253,42.18859999999404,0
61,16,75.52340481346297,121.63058825805291,47.35462194821603,34.9814765545924,126.2652957144371,1091.2564999999013,55.61155000003055,68.20353124999383,0
40,9,174.28940686250036,204.83407919582132,50.126068284169975,32.01562118716424,12.843576268431718,1558.8529999998864,91.71089999983087,173.20588888887627,0
15,3,8.130102354156005,77.02596964660685,52.484125505933235,42.42640687119285,1.3263047491515287,1291.7475000000559,231.58560000010766,430.5825000000186,0
59,15,70.24052926478679,226.63847863944022,52.32963487703041,11.313708498984761,142.06505412290878,1220.0753000001423,59.53099999995902,81.33835333334282,0
82,13,175.10184536587198,372.4258315423354,96.99555648812004,39.01281840626232,172.95894383817236,1657.2072999998927,80.57070000004023,127.47748461537637,0
147,33,153.43494882292202,328.03810754240124,57.290408692680586,21.213203435596427,152.1701941406789,7223.398099999875,47.98699999996461,218.89085151514772,0
173,39,163.16252737432362,506.5273931388114,68.67738207254138,22.135943621178654,82.80206492819691,3132.566000000108,41.01190000004135,80.3222051282079,0
88,24,174.28940686250036,245.08773939142694,45.55229426252479,22.95283613459404,138.16867584616497,3783.8555000000633,79.17230000009295,157.66064583333596,0
17,7,23.68208772453844,130.58713566044705,26.436812865517474,10.295630140987,1.9440103844266496,3193.6429000000935,143.96179999993183,456.23470000001333,0
135,37,159.22774531795417,282.7083302628347,46.151931829630094,21.02379604162864,175.13580432954296,3546.3012999999337,64.07010000012815,95.84598108107929,0
126,31,113.86017519134235,445.371754829603,56.4249876467223,13.416407864998739,361.33975295427166,7738.303499999922,40.0054999999702,249.62269354838458,0
20,3,138.81407483429035,237.03375287076733,83.55463289450066,10.63014581273465,1.7352728281268017,1812.498499999987,224.22320000012405,604.1661666666623,0
112,30,125.42157708053925,269.937029693964,48.915678508942044,25.812001053064726,79.03526911428807,2037.8278000000864,24.359349999926053,67.92759333333622,0
82,15,10.234802763423207,322.38641410580567,71.69286906544616,28.0178514522438,23.454190342092925,811.4461999998894,56.11749999993481,54.096413333325955,0
77,19,179.03848278378004,715.1006922105446,104.72991497266848,21.93171219946131,166.48936970400894,4693.825700000161,67.99949999991804,247.04345789474533,0
23,8,27.97947438848014,122.9186723000212,39.09050868111991,20.131338250816036,1.8948875001673804,775.6437000001315,38.21480000007432,96.95546250001644,0
36,11,40.76548788682466,208.21623375712088,39.2735401407081,14.317821063276353,59.90965083310324,757.9240000001155,27.98479999997653,68.90218181819232,0
17,8,21.80140948635181,95.524865872714,24.174975345334577,11.352349955359813,2.8451948614983604,516.9524000000674,51.9697500000475,64.61905000000843,0
105,36,129.61068824002658,230.95670589961227,33.95288340644046,11.40175425099138,28.19949208249669,6527.336799999932,46.090349999954924,181.3149111111092,0
82,23,137.80898882903617,521.2446642412755,47.01366965126421,13.0,37.59685071939725,7519.867400000105,67.9961000001058,326.9507565217437,0
36,7,11.49656301758577,314.701445818096,75.05625516231613,41.012193308819754,10.749417520007276,1019.9020000000019,52.00419999985024,145.70028571428597,0
46,13,20.655646648176713,169.1892431568863,46.24040688954642,21.587033144922902,50.72220923345738,718.2994999999646,35.555099999997765,55.25380769230497,0
107,16,60.25511870305777,361.01246515875323,92.40463257525764,11.610967233145622,48.55893331062297,2950.71669999999,97.79394999996293,184.41979374999937,0
2,2,9.46232220802565,9.0,7.541381265149109,7.541381265149109,0.5986710947139654,320.0779999999795,160.03899999998976,160.03899999998976,0
87,20,108.43494882292201,828.1189528081096,80.0161542254809,29.900391104447266,17.53921067526532,3723.251400000183,37.76355000003241,186.16257000000914,0
7,5,90.69027719786507,32.7566787083184,15.363853301664715,11.704699910719626,7.054429691745692,1843.3830000001471,59.985700000077486,368.67660000002945,0
29,12,49.134671373736424,60.03332407921454,30.626704614795486,26.645322303915627,72.27781945235999,1313.9525999999605,20.29769999999553,109.49604999999671,0
31,3,8.230975101190333,258.2750471880704,119.51466004779907,89.49860334105779,3.9519652516317527,491.4965999999549,115.47090000007302,163.83219999998497,0
33,15,93.56574952761858,66.21933252457322,24.34780888561235,13.892443989449804,25.922754987100678,1067.4101999998093,59.53819999983534,71.16067999998728,0
61,12,165.954715064654,291.0068727710739,64.06961344722833,22.218854307356878,171.99337028672008,2973.744699999923,130.1853500000434,247.81205833332692,0
113,25,54.52466797179,331.7303121513016,64.09554981721365,20.8806130178211,202.71350035435086,3884.65830000001,47.07009999989532,155.3863320000004,0
57,12,20.17065341185042,289.836160614924,66.47054923305676,14.174008443906432,5.1040025414168015,468.5738999999594,31.91274999990128,39.047824999996614,0
74,30,166.1779453642683,220.38375620721234,30.905392851326642,12.124075097262999,66.17912588656503,5570.320300000021,43.99965000001248,185.67734333333405,0
119,31,155.5560452195835,452.35826509526714,50.436379046268854,12.083045973594572,278.6201450685333,5932.275900000008,51.98979999986477,191.36373870967768,0
5,3,11.309932474020195,26.0,12.39934634239519,10.198039027185569,0.6207154671725051,530.217799999984,151.01989999995567,176.73926666666134,0
92,28,37.87498365109821,138.00362314084367,42.38759071667749,26.232413482975034,54.27478415980594,1603.3320000001695,37.85550000006333,57.2618571428632,0
34,14,65.15306498145567,114.76933388322858,28.496006210638217,11.223557634089321,8.455323085591763,868.7526000000071,53.07435000000987,62.05375714285765,0
12,4,71.56505117707799,90.97252332435328,31.398824981509268,16.811388300841898,1.7444507339547861,622.8754999998491,135.7761499999324,155.71887499996228,0
18,4,173.27542813971505,156.01602481796542,49.220062162352896,16.792056971082825,13.5233874055436,750.4898000000976,236.73200000007637,187.6224500000244,0
188,44,109.56378361958267,485.84462536905767,56.71539381503421,21.977213872503274,434.76644013915694,6326.835900000064,43.89014999999199,143.79172500000143,0
43,15,161.6160714481101,157.40711546813887,34.64560686717497,12.649110640673518,32.55212014891639,1930.2623000000603,80.66149999992922,128.68415333333735,0
47,12,18.62529954955176,323.55679563254427,57.92935067863775,25.145938796540527,10.803208643536848,788.8096000000369,26.131399999954738,65.7341333333364,0
64,25,81.17962044797895,130.034610777285,31.60559627104372,17.0,60.10971598997652,1192.4235000000335,35.76060000015423,47.69694000000134,0
3,3,11.309932474020195,10.198039027185569,5.066013009061856,4.0,0.3304093002275449,272.76640000008047,112.76689999992959,90.92213333336015,0
35,10,59.84545208208383,157.69590990257166,47.15357364219126,16.085402520636332,40.78350195255404,1014.846300000092,70.20435000013094,101.4846300000092,0
38,16,32.27564431457763,97.71898484941399,27.37134425250807,17.088371239797272,15.111653237523093,1591.8343999998178,36.088850000174716,99.48964999998861,0
9,5,44.07807852236118,61.220911460055866,19.57482150865879,11.180339887498949,4.192627457812105,395.96959999995306,92.0179000000935,79.19391999999061,0
18,7,14.036243467926484,67.47592163134935,27.21114351652727,22.0,6.378291754730335,1955.7652999998536,81.36100000003353,279.39504285712195,0
52,15,60.94539590092286,258.1259382549534,53.33256962662332,22.847319317591726,17.328838574142726,986.1027999999933,56.629200000083074,65.74018666666622,0
39,4,7.61393812439113,252.3529274646918,128.6844844387001,126.16756733449385,6.89777285639241,208.00090000010096,59.99860000004992,52.00022500002524,0
53,9,117.5227941442248,296.04222671774374,80.98228658970655,40.311288741492746,24.369083198988896,1567.3641000001226,75.69020000007004,174.15156666668028,0
26,8,78.69006752597979,189.5521036549054,44.43000318052444,23.360446808001086,20.541692037948067,626.5493999999017,35.99824999994598,78.3186749999877,0
4,1,0.0,45.0111097397076,45.0111097397076,45.0111097397076,0.33325105927720333,100.00499999988824,100.00499999988824,100.00499999988824,0
47,5,84.38503255314933,395.7019080065195,194.9563594750229,196.42046736529267,48.36920252372794,4096.930800000206,87.73099999991246,819.3861600000412,0
4,1,0.0,46.0,46.0,46.0,0.0,252.95840000011958,252.95840000011958,252.95840000011958,0
15,10,16.69924423399364,41.036569057366385,18.544915351378577,11.180339887498949,17.19190712243812,524.2827999999281,21.53449999995064,52.42827999999281,0
249,44,119.05460409907714,765.010457444864,79.74980553868815,18.75275071630857,242.66026394737005,6339.011299999896,43.98129999998491,144.0684386363613,0
117,29,100.93909118319216,340.77118422777477,52.12893278300929,21.470910553583888,319.7582753412554,7929.565999999875,51.51420000009239,273.43331034482327,0
98,23,84.61068824002659,210.23796041628637,57.89996661650192,25.079872407968907,53.029303474897674,5130.187099999981,43.991900000022724,223.05161304347743,0
63,12,35.14867265719193,626.0031948800262,103.75196891536523,21.57986983140365,88.91181050815473,2739.2033999999985,48.1687999998685,228.26694999999987,0
158,35,114.48668093171602,476.27093129856246,60.81813322964568,24.351591323771842,241.09517859794494,7237.547599999933,47.77680000010878,206.78707428571235,0
69,12,20.43282867939869,228.07893370497854,80.60048906534298,38.392469535874504,27.413259916974923,1269.6370000001043,93.91860000009183,105.80308333334203,0
33,10,59.574216198038734,70.80254232723568,39.172621180213916,30.664627979017062,18.738087701979914,688.7229999999981,47.98215000005439,68.87229999999981,0
18,6,44.62915870917193,82.21921916437786,31.94344680121885,16.326430679139946,10.699599771900662,1632.3289000000805,123.95070000004489,272.0548166666801,0
47,16,106.74197038529311,143.0314650697531,34.70700427783624,11.015950031863014,40.41615897895992,4693.410600000061,86.31795000005513,293.3381625000038,0
9,6,72.14968169778317,35.0,15.605919270917433,10.975334750883977,9.438089003525109,3999.714999999851,111.91764999984298,666.6191666666418,0
71,20,26.565051177077976,629.5681059265947,81.30090428081776,21.57986983140365,164.14764656771095,795.1212000001688,32.57680000003893,39.75606000000844,0
117,28,153.79988515865264,610.3589108057652,65.66380934078408,22.514513866100586,127.6728336037512,1692.842399999965,22.196200000005774,60.45865714285589,0
34,6,13.275372989062932,195.63486396856774,69.29116267576724,40.148532930853634,4.737699173799153,435.1943999999203,57.556199999991804,72.53239999998671,0
46,12,29.20759647114273,206.11889772653063,51.73528640459873,18.508627653705318,26.222850527572028,1238.1829999999609,56.09859999991022,103.18191666666341,0
22,7,33.96899000989083,59.81638571495272,32.99387763062591,31.76476034853718,9.186440785138002,851.062600000063,60.00059999991208,121.58037142858042,0
23,7,60.124007308310574,144.34680460612904,44.7584723563852,20.396078054371138,17.954686249791607,4018.9546000000555,113.10389999998733,574.1363714285793,0
29,6,33.03762789964924,157.00318468107582,54.34814805992087,10.41010261769495,23.461926341845366,4293.768699999899,225.77619999996386,715.6281166666498,0
14,4,178.4615075808752,145.0,45.34357188413679,13.039328697780086,2.2965064976048293,14555.091199999908,1197.8987000000197,3638.772799999977,0
12,6,21.61477894278625,32.64965543462902,20.88489675791933,21.261486240717655,5.629838770759561,406.2294000000693,59.46984999999404,67.70490000001155,0
106,30,152.98733465206146,185.06755523321746,46.341578240031524,22.378676114581573,34.23678461326779,3789.690399999963,27.898649999988265,126.3230133333321,0
249,59,164.423599919416,462.0660125999314,60.661981617475824,22.80350850198276,256.1559277141623,7744.2976999999955,40.127700000070035,131.2592830508474,0
156,45,127.50414236027015,406.9889433387595,44.45011920435985,23.021728866442675,205.74297375199495,3532.187799999956,40.00139999995008,78.49306222222124,0
32,13,101.30993247402021,58.008620049092706,28.000291295220396,25.019992006393608,47.308965013650095,2415.1421999998856,84.35939999995753,185.78016923076044,0
19,3,13.60054251665876,124.06449935416659,69.77417146684432,75.05997601918082,1.2800382600127254,1372.1898999998812,296.2912999999244,457.3966333332937,0
38,12,27.77251177354905,173.25414857947845,38.25990850327278,21.63274595042156,36.46388568636004,1436.7709999999497,63.87504999991506,119.73091666666248,0
101,17,56.88865803962798,509.2838108559902,86.51956779896462,22.67156809750927,78.02194828962769,5112.82079999987,80.09419999993406,300.7541647058747,0
40,21,37.74680538727468,52.0,21.73782261619354,21.470910553583888,21.897287775643324,3178.619900000049,47.38109999988228,151.3628523809547,0
121,18,177.09063602025034,327.3912033027155,81.80224232893698,19.52822740849116,46.2030095187434,2335.12360000005,40.10580000001937,129.72908888889165,0
26,4,171.6798957573264,293.43653487594213,79.93670723000783,10.239671074621931,3.2499763450104795,1586.3348000000697,319.83340000000317,396.5837000000174,0
28,3,95.97001598085701,307.66865293688926,106.28889732135828,10.198039027185569,2.854507269472651,1640.2941000000574,367.99609999987297,546.7647000000192,0
72,17,16.43241569109512,263.69679558159214,61.75116389766568,27.65863337187866,62.330687009649026,863.4257999998517,31.66800000006333,50.78975294116775,0
78,19,34.69515353123396,238.6063704095094,63.673967749996564,51.264022471905186,73.95696268373798,786.2914999998175,23.997699999948964,41.38376315788513,0
3,1,0.0,21.540659228538015,21.540659228538015,21.540659228538015,0.3713906763541037,153.99749999982305,153.99749999982305,153.99749999982305,0
32,13,27.501451562738183,98.79271228182775,29.617218785092998,15.231546211727817,19.936646846209708,2051.366699999897,43.99069999996573,157.79743846153053,0
80,23,146.3099324740202,356.384623686264,43.68738810100758,13.892443989449804,90.00643914392572,2831.1710999999195,43.8183999999892,123.09439565217042,0
43,9,66.6559890384225,287.75857936819193,58.93900546810239,10.44030650891055,6.2126196441215695,1196.246899999911,40.00209999992512,132.91632222221233,0
98,16,160.92490150755444,663.5397501280537,74.81721500988782,20.709937047999887,13.149431464598708,1663.0008999998681,48.0,103.93755624999176,0
30,13,149.9082580122553,64.76109943476871,22.508100783435733,11.704699910719626,32.72197587421885,3200.686299999943,164.1011999999173,246.20663846153408,0
206,32,165.84196858512777,829.0024125417248,98.18758124963591,21.52325579358694,20.66127708558213,6232.38870000001,73.79514999990351,194.76214687500033,0
65,8,13.172553423326898,533.671247117549,111.21511674682397,42.939717884821384,8.30074729236533,648.3575000001583,23.938650000141934,81.04468750001979,0
88,22,27.255328374943065,654.1941607810329,69.9114579173338,16.895127855805484,69.0531766292291,778.9438999998383,22.207350000040606,35.40654090908356,0
103,15,46.73570458892839,434.37311150668614,97.51891523832664,21.93171219946131,143.51943978411987,2600.560400000075,59.1730000001844,173.37069333333832,0
144,18,129.7528610983836,1434.7013626535663,148.0354334663405,16.23453405954738,58.05437522367971,5452.328200000105,107.31230000010692,302.90712222222805,0
13,3,179.11859600341833,67.02984409947557,45.34584531735186,65.00769185258002,14.68351305224862,1716.9091999998782,411.7537000000011,572.303066666626,0
16,6,19.983106521899995,61.66036003787198,26.76309766471554,22.852349955359813,3.2919965642920017,482.9114999999292,87.46199999994133,80.4852499999882,0
102,14,178.97693880103157,631.9810123729984,94.36694769827977,10.975334750883977,262.76173915593193,7136.266500000143,66.74439999985043,509.7333214285817,0
37,13,178.4690741138901,100.57832768544127,35.533081179117595,33.12099032335839,31.425634041204546,921.8718000000808,40.37100000004284,70.91321538462161,0
83,15,45.75384833307077,337.80023682644156,77.08895336581203,22.47220505424423,19.984186113039954,1663.7968999999575,68.37189999991097,110.9197933333305,0
167,20,172.8749836510982,580.0086206255903,127.02182928151731,32.74528563519176,26.368010661172704,2328.2027000000235,97.89870000001974,116.41013500000118,0
74,15,169.7352124317809,1480.2462632954018,123.55191853021675,11.313708498984761,46.12957196806007,1311.3255000000354,48.02899999986403,87.42170000000236,0
2,2,56.309932474020215,8.06225774829855,5.1491628628991695,5.1491628628991695,1.5811388300841895,183.97999999998137,91.98999999999069,91.98999999999069,0
105,13,18.53931260461081,959.2048790534794,131.06216740450117,38.47076812334269,21.802493114375917,994.4074000001419,63.53330000001006,76.49287692308783,0
17,10,130.2363583092738,66.21933252457322,17.094628932583873,10.998496856945458,19.34772021119058,887.9612000000197,34.18580000009388,88.79612000000198,0
173,45,165.3868239529468,1691.0854502360312,95.90471140571427,14.212670403551895,633.3471033927435,2210.3565999998245,27.990699999965727,49.119035555551655,0
29,19,130.6012946450045,46.400431032480725,15.108852080414964,10.770329614269007,23.185808391481594,8915.138499999885,143.19589999993332,469.2178157894676,0
15,5,177.8789036033387,81.05553651663777,30.09916860510966,10.44030650891055,1.0714285714285714,1422.1237000001129,248.09189999988303,284.42474000002255,0
173,29,131.18592516570965,1365.3988428294497,94.31498863462456,24.0,86.78626222879905,9972.024599999888,36.76300000003539,343.86291724137544,0
5,3,84.5596679689945,22.0,17.79688441690533,21.095023109728988,8.34287367017428,2707.24319999991,363.9472000000533,902.41439999997,0
82,10,33.6900675259798,342.6149442158062,127.9675677610516,79.33434237217531,81.05407488214243,693.7616000000853,62.81809999991674,69.37616000000853,0
127,25,119.06723822886424,377.751240898028,65.61257458448517,21.587033144922902,198.4324558253538,2495.8654000000097,71.98800000012852,99.83461600000038,0
44,15,171.869897645844,163.48700254148645,33.2299746555556,21.213203435596427,49.38907935890607,1225.5128999999724,56.0038999998942,81.70085999999816,0
109,24,98.3438915840331,856.767179576809,69.32322367072969,22.84224367718955,122.41646404739895,4211.942000000039,32.132749999989755,175.49758333333497,0
62,8,78.82219218065431,1808.3904445666594,241.0032637959441,11.511604721062834,33.86250356174444,864.782600000035,102.27789999986999,108.09782500000438,0
128,32,84.40066066347944,738.0433591598803,58.26045443208205,13.420958661241947,47.814859848040875,2700.4455999999773,39.787800000049174,84.38892499999929,0
13,8,18.034285567129857,56.32051136131489,17.18429187144244,11.291047069245163,13.826819839235556,339.1734999998007,29.590099999913946,42.39668749997509,0
47,4,8.85223965056346,327.15286946624815,154.52766581206296,138.90242367201893,10.329948580840014,791.5758999998216,199.99934999994002,197.8939749999554,0
45,6,20.282559088916617,236.90715480964266,95.62511513006523,50.26038594683722,17.717615186871203,604.5581000000238,110.65090000000782,100.7596833333373,0
234,30,169.9168926462526,1078.645446845255,131.67269431362547,27.609375674806437,127.15582206360416,3975.227200000081,66.30940000002738,132.50757333333604,0
73,18,62.487997376148556,269.45314991664134,52.4619040684087,20.935028842544405,29.0930308578675,2810.248299999861,66.09970000002068,156.12490555554783,0
99,26,154.13840872028467,557.0278269530168,49.14944798944187,11.851749184241449,61.00623599018484,4820.050899999915,38.403199999942444,185.3865730769198,0
62,9,159.61885606004725,819.103168105215,125.4718707785857,10.770329614269007,6.998293786540138,17479.590599999996,335.63449999992736,1942.1767333333328,0
92,21,94.5942533312664,274.71075697904513,54.055487999380745,23.194827009486403,127.4208465016025,1913.400999999838,44.003100000089034,91.11433333332562,0
66,14,143.3531384315644,225.85836269662454,65.78620125274793,36.76792877459135,135.31516419307982,1142.1054000000004,70.04650000005495,81.57895714285716,0
150,30,70.22973896009796,688.0130812709887,70.02881841831466,23.921930129593683,259.4688848040087,3643.5141000000294,22.127850000048056,121.45047000000098,0
171,46,146.8584546794773,369.73774489494576,47.985702261451486,13.483396543794708,104.4181491718466,4697.205399999861,32.23904999985825,102.1131608695622,0
67,6,141.9248222666151,776.6298989866409,161.57847616191364,30.861652609278273,7.820121093924038,8704.221900000004,332.6020499999868,1450.7036500000006,0
29,9,11.309932474020195,91.18113840043894,41.228422577780236,32.7566787083184,13.61043990433764,1456.5418000000063,31.947699999902397,161.8379777777785,0
86,20,19.35265170354103,232.01939574095957,54.89613089984863,33.50066627811802,122.78959869708761,711.4842999998946,23.98279999999795,35.57421499999473,0
87,16,43.264295411071615,374.34208953843273,68.33182481063173,32.731130984574854,138.8007397523544,2623.433899999829,110.73234999983106,163.9646187499893,0
78,16,99.55267977310052,389.34432062122085,63.97615584663015,23.390776175912567,86.38455290601046,3035.280200000154,26.440700000151992,189.70501250000962,0
98,15,114.22774531795419,734.583555492498,104.81052291113518,23.0,317.72888590890545,2394.8052000000607,28.526200000196695,159.65368000000404,0
93,14,166.64465903709257,594.8613283783036,97.17526166599671,22.63847362965941,233.47903154926703,3626.1377000000793,53.458650000044145,259.0098357142914,0
43,7,12.86539784205019,485.4616359713711,103.9621381808807,22.825424421026653,5.132807071131914,316.6256000001449,32.00329999998212,45.232228571449276,0
51,16,19.653824058053313,89.20201791439474,38.139614050064964,25.85567160880453,91.45106861541001,520.8263000000734,20.243900000001304,32.55164375000459,0
79,29,111.92958775017536,199.42417105255822,35.862506290367136,15.297058540778355,137.47084870146338,4010.350400000112,35.66119999997318,138.28794482759008,0
73,23,55.30484646876603,289.0121104729004,50.54524424494846,13.152946437965905,23.60980419803448,903.8282999999356,32.174000000115484,39.29688260869285,0
131,33,145.00797980144134,847.4084021296933,76.89780940263714,21.02379604162864,209.99523338680672,1741.6936999999452,35.63299999991432,52.77859696969531,0
82,15,91.68468431789628,1221.4237593890173,110.93463647387948,36.49657518178932,124.04929034477034,2429.465100000147,36.34939999994822,161.9643400000098,0
102,40,173.5006537203454,125.41929676090518,30.67855129300505,18.38834688670177,32.75249882915293,4018.557700000005,59.6974999998929,100.46394250000012,0
167,32,133.10348169679074,961.7634844388718,73.72833596844306,10.998496856945458,412.6903065796527,8726.22900000005,62.351499999989755,272.6946562500016,0
93,11,174.28940686250036,969.990721605109,133.3010083203051,23.345235059857504,133.18832054234412,2205.679599999916,99.60710000013933,200.51632727271962,0
35,17,29.05460409907715,125.29964086141668,25.520077031243684,12.727922061357855,29.813077468365403,654.8855999999214,24.02780000003986,38.522682352936556,0
117,26,146.81314470013717,719.3566570207021,78.0255683314159,21.552109103183913,147.46007968136917,1433.58899999992,29.914849999942817,55.13803846153538,0
161,43,155.70903759164904,1079.075530257266,64.15076124860605,13.601470508735444,201.75522754610023,5064.443999999901,24.148700000019744,117.77776744185817,0
3,3,33.690067525979785,11.0,10.622176482504287,10.816653826391969,1.898990358996497,1296.0863000000827,231.26249999995343,432.02876666669425,0
15,4,28.552563230434643,96.00520819205592,44.52899824760929,35.74031949282331,10.46022200290649,333.01089999987744,81.6837499999674,83.25272499996936,0
30,15,70.61548432064217,120.03749414245534,25.22512611831865,11.40175425099138,37.06076891915632,5368.835600000108,27.993400000035763,357.9223733333405,0
78,23,126.68235075589361,411.40977139586755,50.55989423213219,21.02379604162864,131.92288032869737,16116.350200000219,55.80269999988377,700.7108782608791,0
37,12,18.572978998681172,92.41753080449618,39.26477803295454,36.474342094150444,50.7396834717097,398.0207000002265,24.505050000036135,33.168391666685544,0
37,6,145.23480276342323,286.0,89.86135596944257,51.733266200797864,8.377554867327316,10563.889400000218,100.1785000001546,1760.6482333333697,0
58,25,102.13132106663251,230.21728866442677,31.99664506470965,14.317821063276353,63.25417989724748,890.9038999998011,19.99640000006184,35.63615599999204,0
63,14,68.19859051364818,417.0047961354881,60.12733324204585,18.0757417673616,31.481363665851564,1629.051999999676,50.03330000001006,116.36085714283399,0
